Feature,Capability,Capability type (backend - frontend - vertical slice),Phase,Status,Business goal,User outcome,Notes / constraints,Primary actor,Capability boundary (root - tenant - shared),Tenant context rule,Allowed root roles,Minimum role required,Explicitly denied roles,Authorization summary,Governing authz capability,Authz scope type,Granted role / boundary,Mandatory grant?,Protected grant?,Frontend visibility rule,Backend enforcement rule,Audit actor role required?,Frontend required?,Frontend route,Frontend surface,Frontend states,Session / expiry behavior,Client-side permission behavior,API required?,Route(s),Request contract,Response contract,Error contract,Feature seam(s),Cross-feature seams,Persistence impact,Migration required?,Indexes / uniqueness,Search / filter model,Session / auth dependency,Compatibility / migration notes,Authentication requirement,Authorization enforcement layer,CSP / browser security impact,Audit requirement,Privacy / personal data impact,Standards impact,PRD required?,ADR required?,Test-case doc required?,Feature docs update required?,Runbook required?,Standards review required?,Repo health review required?,Traceability status,Lifecycle version/status,Unit tests,Integration tests,Security tests,Audit tests,Edge tests,Frontend tests,Acceptance notes
webAppHierarchyBuilder,createWebAppModule,backend,web app hierarchy foundation,first draft,Create a durable top-level user-facing module record for the web app hierarchy.,"A privileged root operator can create a new business-facing module that later owns module-root pages and planner-visible hierarchy branches.","Module ids must be stable machine keys rather than mutable labels. The first slice is root-operated only, but the entity shape should remain compatible with future tenant-visible readers. System-managed fields are never client-supplied.",RootUserAdmin,root,root-operated hierarchy capability outside tenant-scoped authorization; no tenant context applies,RootUserAdmin,RootUserAdmin,tenant actors; unauthenticated callers; authenticated root users without the governing capability,Only privileged root operators may create top-level hierarchy modules in the first slice.,web-app-hierarchy.create-module,exact create over one new module,RootUserAdmin,Yes,No,No frontend surface is required in the first backend foundation slice.,"Root auth and root authorization must run before module creation. Validate stable ids normalized labels lifecycle state and ordering, and reject client-supplied system-managed fields.",Yes,No,,,,Uses existing authenticated root-session expiry rules. No tenant session behavior applies.,No client-side behavior in v1.,Yes,POST /v1/web-app-hierarchy/modules,"Body includes webAppModuleId displayName optional businessOwnerKey optional description status and sortOrder. Client cannot supply createdAt or updatedAt.","Returns created module detail with webAppModuleId displayName normalizedDisplayName optional businessOwnerKey optional description status sortOrder bootstrapSource=null createdAt and updatedAt.","400 invalid payload or rejected system-managed fields; 401 unauthenticated; 403 unauthorized; 409 duplicate module id or normalized name.",src/features/webAppHierarchyBuilder public seam,Feeds resolved hierarchy tree and planner-selectable module catalogs for downstream `pageShellPlanning` and later route-generation consumers.,Insert one durable `web_app_modules` row.,Yes,"Primary key on module id. Recommended unique active normalized module-name rule plus indexes on status and sort_order.",Exact create only; no broad search surface in this capability.,Authenticated root session required.,Stable module identity should survive display-name changes and later tenant-visible readers without redesigning the durable contract.,Authenticated root session required.,Root auth middleware plus root authorization enforcement and feature-local validation.,No direct browser impact in API-only v1. Future same-origin planning UI must use governed form seams rather than custom ad hoc controls.,Audit successful creates and denied attempts with actor rootUserId module identifiers and selected lifecycle metadata.,Low; stores internal information architecture metadata only.,ASVS authorization and input-validation relevance with anti-drift importance because modules become durable platform truth for downstream planners.,Yes,No,Yes,Yes,No,Yes,Yes,first draft,v1 foundation,Yes,Yes,Yes,Yes,Yes,No,"A privileged root operator can create one durable top-level module with stable identity validated lifecycle and stable ordering."
webAppHierarchyBuilder,updateWebAppModule,backend,web app hierarchy foundation,first draft,Allow privileged operators to revise module metadata lifecycle and ordering without changing module identity.,"A root operator can rename reorder or reclassify a top-level module while preserving durable downstream references.","Updates must preserve stable module ids. Module lifecycle is independent from page placement. If later rules restrict changes for live modules those checks should happen here rather than in downstream consumers.",RootUserAdmin,root,root-operated hierarchy capability outside tenant-scoped authorization; no tenant context applies,RootUserAdmin,RootUserAdmin,tenant actors; unauthenticated callers; authenticated root users without the governing capability,Only privileged root operators may update top-level hierarchy modules in the first slice.,web-app-hierarchy.update-module,exact mutation over one module,RootUserAdmin,Yes,No,No frontend surface is required in the first backend foundation slice.,"Root auth and root authorization must run before module update. Successful updates must refresh updatedAt and must not allow client control over system-managed fields.",Yes,No,,,,Uses existing authenticated root-session expiry rules. No tenant session behavior applies.,No client-side behavior in v1.,Yes,PATCH /v1/web-app-hierarchy/modules/:webAppModuleId,"Exact webAppModuleId param required. Body may include displayName optional businessOwnerKey optional description status and sortOrder. Module id itself is immutable after create.","Returns updated module detail with refreshed updatedAt and the same durable identity.","400 invalid payload; 401 unauthenticated; 403 unauthorized; 404 module not found; 409 duplicate normalized name or invalid lifecycle transition.",src/features/webAppHierarchyBuilder public seam,Supports downstream tree readers and planner catalogs without forcing consumers to recreate module references after display-only updates.,Update one durable `web_app_modules` row.,Yes,"Maintain module primary key stability plus indexes on status and sort_order.",Exact update only; no broad search surface in this capability.,Authenticated root session required.,Keep update semantics compatible with later tenant-visible readers and future publish or review workflows without changing module identity rules.,Authenticated root session required.,Root auth middleware plus root authorization enforcement and feature-local exact-record validation.,No direct browser impact in API-only v1.,Audit successful updates and denied attempts with before-and-after summaries for changed module fields and lifecycle state.,Low; stores information architecture metadata only.,ASVS authorization relevance and anti-drift importance because downstream planners and generators consume module truth.,Yes,No,Yes,Yes,No,Yes,Yes,first draft,v1 foundation,Yes,Yes,Yes,Yes,Yes,No,"A privileged root operator can revise module metadata lifecycle and ordering while durable module identity remains stable."
webAppHierarchyBuilder,createWebAppPage,backend,web app hierarchy foundation,first draft,Create a durable page node within a module-root branch child branch or orphan pool of the web app hierarchy.,"A privileged root operator can add a real app page to the durable hierarchy without inventing ad hoc JSON structures.","Page ids must be stable machine keys. The first slice uses a strict tree and canonical routeSegment storage rather than editable full absolute paths. New pages may be created as module-root child-page or orphaned entries depending on placement type.",RootUserAdmin,root,root-operated hierarchy capability outside tenant-scoped authorization; no tenant context applies,RootUserAdmin,RootUserAdmin,tenant actors; unauthenticated callers; authenticated root users without the governing capability,Only privileged root operators may create page nodes in the first slice.,web-app-hierarchy.create-page,exact create over one new page,RootUserAdmin,Yes,No,No frontend surface is required in the first backend foundation slice.,"Root auth and root authorization must run before page creation. Validate module existence parent compatibility placement-type consistency lifecycle state route-segment rules and sibling ordering. Reject client-supplied derived full-route or system-managed fields.",Yes,No,,,,Uses existing authenticated root-session expiry rules. No tenant session behavior applies.,No client-side behavior in v1.,Yes,POST /v1/web-app-hierarchy/pages,"Body includes webAppPageId webAppModuleId optional parentWebAppPageId placementType displayName routeSegment status sortOrder and optional description-style planning metadata if the PRD keeps it in-scope. Client cannot supply resolvedFullRoutePath createdAt or updatedAt.","Returns created page detail with webAppPageId webAppModuleId parentWebAppPageId placementType displayName normalizedDisplayName routeSegment derived resolvedFullRoutePath status sortOrder browserNavigable bootstrapSource=null createdAt and updatedAt.","400 invalid payload or placement mismatch; 401 unauthenticated; 403 unauthorized; 404 module or parent not found; 409 duplicate page id sibling route collision or ordering collision.",src/features/webAppHierarchyBuilder public seam,Feeds resolved hierarchy tree planner-selectable nodes and later route-generation readers without requiring downstream features to author hierarchy rows themselves.,Insert one durable `web_app_pages` row.,Yes,"Primary key on page id. Recommended unique active sibling route-segment rule unique or deterministic sort order within one effective parent placement and indexes on module id parent id status and placement type.",Exact create only; no broad search surface in this capability.,Authenticated root session required.,Store canonical routeSegment only and derive full route path from ancestry so future moves remain possible without redesigning entity identity.,Authenticated root session required.,Root auth middleware plus root authorization enforcement and feature-local tree validation.,No direct browser impact in API-only v1. Future planner UIs must still use governed design-system form seams only.,Audit successful creates and denied attempts with actor rootUserId page identifiers placement choice routeSegment and lifecycle metadata.,Low; stores information architecture metadata only.,ASVS authorization and input-validation relevance plus architecture importance because this record becomes durable platform truth for planners and generators.,Yes,No,Yes,Yes,No,Yes,Yes,first draft,v1 foundation,Yes,Yes,Yes,Yes,Yes,No,"A privileged root operator can create one durable page node with validated strict-tree placement stable identity canonical routeSegment and derived full route path."
webAppHierarchyBuilder,updateWebAppPage,backend,web app hierarchy foundation,first draft,Allow privileged operators to revise page metadata lifecycle and sibling ordering without implicitly reparenting the page.,"A root operator can update a page's display metadata route segment lifecycle and ordering while leaving its current placement intact.","Placement changes belong to the dedicated move capability. Updating a routeSegment must refresh the page and descendant resolvedFullRoutePath values. Lifecycle status remains separate from placement type.",RootUserAdmin,root,root-operated hierarchy capability outside tenant-scoped authorization; no tenant context applies,RootUserAdmin,RootUserAdmin,tenant actors; unauthenticated callers; authenticated root users without the governing capability,Only privileged root operators may update page metadata in the first slice.,web-app-hierarchy.update-page,exact mutation over one page,RootUserAdmin,Yes,No,No frontend surface is required in the first backend foundation slice.,"Root auth and root authorization must run before page update. Successful updates must refresh updatedAt. Updating routeSegment or live status combinations must re-run route collision and compatibility checks.",Yes,No,,,,Uses existing authenticated root-session expiry rules. No tenant session behavior applies.,No client-side behavior in v1.,Yes,PATCH /v1/web-app-hierarchy/pages/:webAppPageId,"Exact webAppPageId param required. Body may include displayName routeSegment status sortOrder and optional descriptive metadata. Client cannot directly supply placementType parentWebAppPageId resolvedFullRoutePath createdAt or updatedAt in this capability.","Returns updated page detail with refreshed updatedAt and refreshed derived full route values when routeSegment changes affect descendants.","400 invalid payload; 401 unauthenticated; 403 unauthorized; 404 page not found; 409 duplicate sibling route collision invalid lifecycle transition or blocked compatibility change.",src/features/webAppHierarchyBuilder public seam,Downstream tree and planner readers can trust that placement changes are isolated to one capability while metadata updates remain server-authoritative.,Update one durable `web_app_pages` row and any derived descendant full-route values affected by route-segment changes.,Yes,"Maintain page-id stability sibling route uniqueness deterministic ordering and route-read indexes.",Exact update only; no broad search surface in this capability.,Authenticated root session required.,Keep route-affecting updates compatibility-sensitive so later redirect or alias support can plug into the same change path rather than rewriting the entity model.,Authenticated root session required.,Root auth middleware plus root authorization enforcement and feature-local exact-record validation.,No direct browser impact in API-only v1.,Audit successful updates and denied attempts with before-and-after summaries for route lifecycle or ordering changes.,Low; stores information architecture metadata only.,ASVS authorization and input-validation relevance with anti-drift importance because page metadata changes affect generated route truth.,Yes,No,Yes,Yes,No,Yes,Yes,first draft,v1 foundation,Yes,Yes,Yes,Yes,Yes,No,"A privileged root operator can revise page metadata and lifecycle while derived routes stay synchronized and placement rules remain protected."
webAppHierarchyBuilder,moveWebAppPage,backend,web app hierarchy foundation,first draft,Move a page between module-root child-page and orphaned placements while preserving durable page identity and updating descendant routes automatically.,"A root operator can reparent reorder or orphan a page without destroying it, and the platform updates the affected tree branch consistently.","The tree is strict. One page may appear in only one place. The capability must prevent cycles and treat route-affecting moves for live pages as compatibility-sensitive operations. Orphaning is explicit placement change not delete.",RootUserAdmin,root,root-operated hierarchy capability outside tenant-scoped authorization; no tenant context applies,RootUserAdmin,RootUserAdmin,tenant actors; unauthenticated callers; authenticated root users without the governing capability,Only privileged root operators may move or orphan page nodes in the first slice.,web-app-hierarchy.move-page,exact tree mutation over one page and its descendant branch,RootUserAdmin,Yes,No,No frontend surface is required in the first backend foundation slice.,"Root auth and root authorization must run before the move. Validate target module target parent placement-type consistency cycle prevention sibling route uniqueness ordering collisions and any compatibility blockers for live pages or descendants.",Yes,No,,,,Uses existing authenticated root-session expiry rules. No tenant session behavior applies.,No client-side behavior in v1.,Yes,POST /v1/web-app-hierarchy/pages/:webAppPageId/move,"Exact webAppPageId param required. Body includes target webAppModuleId optional targetParentWebAppPageId targetPlacementType and targetSortOrder. Client cannot submit descendant full-route overrides.","Returns moved page detail plus an impact summary naming the page and descendant records whose resolved full routes were refreshed.","400 invalid move payload; 401 unauthenticated; 403 unauthorized; 404 page module or target parent not found; 409 cycle detected sibling route collision ordering collision or compatibility block for live routes.",src/features/webAppHierarchyBuilder public seam,This is the authoritative placement seam consumed by downstream planners and route generators. Other features must not reparent pages by writing hierarchy rows directly.,Update one durable page row and refresh derived full-route values for the moved page and all descendants. May also change module ownership for the moved subtree.,Yes,"Indexes on page id module id parent id placement type and resolved full-route path are important. Sibling route uniqueness and deterministic ordering remain mandatory.",Exact move only; no general search surface in this capability.,Authenticated root session required.,Move behavior is compatibility-sensitive because live-page route changes can affect downstream app routes planner selections and future generated structure. Redirect or alias support can be layered in later without changing core identity semantics.,Authenticated root session required.,Root auth middleware plus root authorization enforcement and feature-local tree and compatibility validation.,No direct browser impact in API-only v1.,Audit successful moves orphaning actions and denied attempts with actor rootUserId previous placement target placement and affected route summaries.,Low; stores information architecture metadata only.,ASVS authorization relevance plus reliability and audit importance because moves can affect multiple descendant routes and durable planner truth.,Yes,Yes,Yes,Yes,No,Yes,Yes,first draft,v1 foundation,Yes,Yes,Yes,Yes,Yes,No,"A privileged root operator can reparent reorder or orphan one page branch without data loss while the feature prevents cycles and synchronizes all affected derived routes."
webAppHierarchyBuilder,getResolvedWebAppHierarchyTree,backend,web app hierarchy foundation,first draft,Expose the durable hierarchy as a resolved tree for operator review downstream route generation and frontend structure generation.,"A root operator or approved downstream system can retrieve stable module and page hierarchy truth with derived full routes and ordering already resolved.","This read should present the general tree in deterministic order and exclude invented placeholders. The first slice is root-only at the API boundary, but the exported seam should remain reusable by future tenant-visible readers with narrower policy later.",RootUserAdmin,root,root-operated hierarchy capability outside tenant-scoped authorization; no tenant context applies,RootUserAdmin,RootUserAdmin,tenant actors; unauthenticated callers; authenticated root users without the governing capability,Only privileged root operators may read the resolved hierarchy through the public API in the first slice.,web-app-hierarchy.read-tree,root-scoped resolved tree read,RootUserAdmin,Yes,No,No frontend surface is required in the first backend foundation slice.,Root auth and root authorization must run before tree reads. The feature should return durable records and derived route values only; it must not invent missing pages or placeholder hierarchy nodes at read time.,Yes,No,,,,Uses existing authenticated root-session expiry rules. No tenant session behavior applies.,No client-side behavior in v1.,Yes,GET /v1/web-app-hierarchy/tree,"Optional query may include module filter includeInactive and includeOrphaned flags if the PRD keeps them in-scope. Exact route params must remain required where used.","Returns deterministic module-root tree nodes with page ids parent links placement type lifecycle state sort order routeSegment and resolvedFullRoutePath.","400 invalid query; 401 unauthenticated; 403 unauthorized.",src/features/webAppHierarchyBuilder public seam,Primary exported read seam for downstream `pageShellPlanning` selectable hierarchy values and later route-generation and frontend-structure generators.,Read durable module and page rows only. No mutation.,Yes,"Indexes on module id parent id placement type status and resolved full-route path support responsive tree reads.",Resolved tree read with optional exact filters only; broad free-text search is unnecessary in the first slice.,Authenticated root session required.,The returned tree should stay stable enough that downstream planners and generators can adopt it without a contract rewrite when tenant-visible readers arrive later.,Authenticated root session required.,Root auth middleware plus root authorization enforcement and feature-local read filters.,No direct browser impact in API-only v1. Future UIs that consume this read must remain within governed shell and form patterns.,Audit denied attempts if hierarchy visibility is treated as privileged; successful reads are optional.,Low; reveals internal information architecture only to privileged root operators in v1.,ASVS authorization relevance and anti-drift importance because this seam becomes the planner and generator source of truth.,Yes,No,Yes,Yes,No,Yes,Yes,first draft,v1 foundation,Yes,Yes,Yes,Yes,Yes,No,"A privileged root operator can retrieve the resolved durable hierarchy tree with deterministic ordering and derived full routes suitable for downstream planning and generation."
webAppHierarchyBuilder,listPlannerSelectableHierarchyNodes,backend,web app hierarchy foundation,first draft,Provide planner-facing selectable hierarchy values derived from durable hierarchy truth rather than hand-maintained planner catalogs.,"A downstream planning capability can retrieve only the hierarchy choices that are valid for planner selection workflows.","This read is intentionally explicit rather than making downstream planners parse the full tree themselves for every use case. The feature should remain the single source of truth for planner-visible hierarchy options.",RootUserAdmin,root,root-operated hierarchy capability outside tenant-scoped authorization; no tenant context applies,RootUserAdmin,RootUserAdmin,tenant actors; unauthenticated callers; authenticated root users without the governing capability,Only privileged root operators may read planner-selectable hierarchy nodes through the public API in the first slice.,web-app-hierarchy.read-planner-options,root-scoped planner catalog read,RootUserAdmin,Yes,No,No frontend surface is required in the first backend foundation slice.,Root auth and root authorization must run before catalog reads. Return stable ids labels placement summaries lifecycle state and route context suitable for downstream planner selection without exposing invented or stale choices.",Yes,No,,,,Uses existing authenticated root-session expiry rules. No tenant session behavior applies.,No client-side behavior in v1.,Yes,GET /v1/web-app-hierarchy/planner-nodes,"Optional query may filter by module lifecycle placement eligibility or planner-use case if the PRD keeps such filters in scope.","Returns stable planner option rows or tree nodes with webAppPageId displayName webAppModuleId placementType status and resolvedFullRoutePath.","400 invalid query; 401 unauthenticated; 403 unauthorized.",src/features/webAppHierarchyBuilder public seam,Feeds `pageShellPlanning` and later planner tooling so downstream features do not maintain their own competing hierarchy catalogs.,Read durable page and module rows through a planner-oriented projection. No mutation.,Yes,"Indexes on module id placement type status and resolved route fields remain useful for planner reads.",Catalog read with explicit filter parameters only; no broad free-text search required in the first slice.,Authenticated root session required.,This seam should become the downstream planner source of truth so future page-shell or route-planning features do not fork hierarchy catalogs.,Authenticated root session required.,Root auth middleware plus root authorization enforcement and feature-local projection rules.,No direct browser impact in API-only v1. Future planner UIs must still use governed select and drawer patterns rather than inventing new controls.,Audit denied attempts if planner visibility is treated as privileged; successful reads are optional.,Low; exposes internal hierarchy metadata only to privileged root operators.,ASVS authorization relevance with strong anti-drift importance because planner correctness depends on this seam.,Yes,No,Yes,Yes,No,Yes,Yes,first draft,v1 foundation,Yes,Yes,Yes,Yes,Yes,No,"A privileged root operator or downstream planner consumer can retrieve stable selectable hierarchy values derived from durable hierarchy truth."
webAppHierarchyBuilder,listOrphanedWebAppPages,backend,web app hierarchy foundation,first draft,Expose orphaned pages explicitly so operators can review pages removed from the active hierarchy without destroying them.,"A root operator can inspect the orphan pool and later move pages back into the tree through a dedicated move action.","Orphan review is separated from general active-tree reads so removal never becomes silent data loss. This slice is read-only for orphan review; dedicated bulk remediation flows can come later.",RootUserAdmin,root,root-operated hierarchy capability outside tenant-scoped authorization; no tenant context applies,RootUserAdmin,RootUserAdmin,tenant actors; unauthenticated callers; authenticated root users without the governing capability,Only privileged root operators may inspect orphaned pages in the first slice.,web-app-hierarchy.list-orphans,root-scoped orphan pool read,RootUserAdmin,Yes,No,No frontend surface is required in the first backend foundation slice.,Root auth and root authorization must run before orphan reads. The read should return durable page identity module context lifecycle state route context and ordering metadata without reinserting the page into the active tree.",Yes,No,,,,Uses existing authenticated root-session expiry rules. No tenant session behavior applies.,No client-side behavior in v1.,Yes,GET /v1/web-app-hierarchy/orphaned-pages,"Optional query may include module filter status filter pagination and sort if the PRD keeps them in scope.","Returns orphaned page rows with webAppPageId webAppModuleId displayName status routeSegment resolvedFullRoutePath sortOrder updatedAt and bootstrapSource when relevant.","400 invalid query; 401 unauthenticated; 403 unauthorized.",src/features/webAppHierarchyBuilder public seam,Supports later orphan-remediation workflows and keeps page deletion distinct from hierarchy removal.,Read orphaned page rows only. No mutation.,Yes,"Indexes on placement type status module id and updatedAt are important for orphan review.",List and filter by explicit orphan-review fields only.,Authenticated root session required.,Keeping orphan review explicit supports backwards-compatible no-delete semantics and later move workflows without redesigning the page entity.,Authenticated root session required.,Root auth middleware plus root authorization enforcement and feature-local orphan filters.,No direct browser impact in API-only v1.,Audit denied attempts if orphan visibility is treated as privileged; successful reads are optional.,Low; exposes internal hierarchy metadata only to privileged root operators.,ASVS authorization relevance with durability importance because orphaning replaces destructive removal in the first slice.,Yes,No,Yes,Yes,No,Yes,Yes,first draft,v1 foundation,Yes,Yes,Yes,Yes,Yes,No,"A privileged root operator can retrieve orphaned durable pages separately from the active tree without data loss or silent deletion."
webAppHierarchyBuilder,bootstrapWebAppHierarchyFromCurrentNavigablePages,backend,web app hierarchy foundation,first draft,Create the first durable hierarchy from real current browser-navigable app pages that already exist across the running app.,"A privileged root operator or controlled system workflow can bootstrap the durable hierarchy instead of starting from an empty tree that ignores the current app.","Bootstrap must remain honest: create records only for actual current pages that can be navigated to in the browser across root admin public auth tenant-side and design-system surfaces. The feature must not invent missing pages. Inferred parentage or module grouping should be review-visible if any review metadata is introduced.",RootUserAdmin,root,root-operated hierarchy capability outside tenant-scoped authorization; no tenant context applies,RootUserAdmin or controlled system workflow,RootUserAdmin,tenant actors; unauthenticated callers; authenticated root users without the governing capability,Only privileged root operators or an explicitly approved controlled system workflow may run bootstrap in the first slice.,web-app-hierarchy.bootstrap,root-scoped bootstrap or admin-triggered import over current app truth,RootUserAdmin,Yes,Yes,No frontend surface is required in the first backend foundation slice.,"Root auth and root authorization must run before an operator-triggered bootstrap. The feature must read only real current app surfaces gather route and placement evidence deterministically create missing module or page rows and never silently destroy existing hierarchy truth.",Yes,No,,,,Uses existing authenticated root-session expiry rules. No tenant session behavior applies.,No client-side behavior in v1.,Yes,POST /v1/web-app-hierarchy/bootstrap,"Request identifies an approved bootstrap scope such as current app families or dry-run mode if the PRD includes it. Clients cannot submit invented module or page records as raw replacement payloads in the first pass.","Returns bootstrap summary with created and skipped modules and pages, collisions or review flags, and any resulting hierarchy ids or impact report references.","400 invalid bootstrap scope; 401 unauthenticated; 403 unauthorized; 409 duplicate conflicts or incompatible existing hierarchy state when bootstrap cannot proceed safely.",src/features/webAppHierarchyBuilder public seam,"Reads current app route and surface truth, then seeds the durable hierarchy consumed later by `pageShellPlanning`, route generation, and frontend structure generation.",Insert missing durable module and page rows and mark bootstrapSource metadata. Existing rows remain durable; bootstrap must not hard-delete them.,Yes,"Indexes and uniqueness on module id page id sibling route segments placement type and resolved route path protect deterministic import behavior.",Bootstrap by explicit scope only; no broad search surface.,Authenticated root session required for operator-triggered bootstrap.,Bootstrap is required because the app already exists. Import should be deterministic and must not create pages that are not real browser-reachable surfaces. Future refinements may tighten review metadata without redesigning the core entity model.,Authenticated root session required or explicitly approved system workflow.,Root auth middleware plus root authorization enforcement and feature-local bootstrap validation and conflict detection.,No direct browser impact in API-only v1.,Audit successful bootstrap runs and denied attempts with actor rootUserId scope summary created counts skipped counts and collision summaries.,Low to moderate; imports internal route and hierarchy metadata but no end-user personal data.,ASVS authorization relevance plus migration and anti-drift importance because bootstrap aligns durable hierarchy truth with the existing app.,Yes,Yes,Yes,Yes,No,Yes,Yes,first draft,v1 foundation,Yes,Yes,Yes,Yes,Yes,No,"A privileged operator can bootstrap durable hierarchy truth from real current browser-navigable app pages without inventing pages or destroying existing records."
