Feature,Capability,Capability type,Phase,Status,Business goal,Primary actor,Capability boundary,Tenant context rule,Authorization summary,Governing authz capability,API required,Route(s),Request contract,Response contract,Error contract,Feature seam(s),Cross-feature seams,Persistence impact,Migration required?,Indexes / uniqueness,Search / filter model,Lifecycle / cleanup rules,Expiry / abandoned-state behavior,Orphaned external resource handling,Scheduled maintenance or job dependency,Cleanup retry and failure recording,Authentication requirement,Authorization enforcement layer,Audit requirement,Privacy / personal data impact,Data classification / PII posture,PRD required?,ADR required?,Test-case doc required?,Feature docs update required?,Standards review required?,Traceability status,Lifecycle version/status,Unit tests,Integration tests,Security tests,Persistence-backed tests,Acceptance notes
tenantBranding,readTenantBrandingForRoot,backend,tenant branding v1,first draft,Allow a root admin to inspect branding state for exactly one selected tenant.,RootUserAdmin,root-admin selected tenant,Root request identifies one selected tenant; cross-tenant ambiguity denies.,Root actor must hold tenant branding read capability for the selected tenant.,root-admin.tenant-branding.read,Yes,GET /v1/root-admin/tenants/:tenantId/branding,Exact tenant id route param; no body; clients cannot request deleted rows through normal read.,Returns active branding or approved absence state with fallback indicators logo relationship summary and audit-safe timestamps.,400 invalid tenant id; 401 unauthenticated; 403 unauthorized; 404 tenant not found; 409 deleted branding not visible through normal read.,readTenantBrandingForRoot,tenants selected-tenant lookup; assets metadata summary for current logo when present,Reads tenant branding durable record and current logo relationship.,Yes,Unique active branding record per tenant; indexes on tenant id deletedAt updatedAt and current logo asset id.,Exact read by tenant id only in v1.,Normal reads exclude soft-deleted branding rows.,Not applicable for read.,Not applicable for read.,No scheduler dependency.,Cleanup failures may be included as maintenance-safe status only if approved.,Authenticated root-admin session.,tenantBranding feature enforces selected-tenant and root capability; assets enforces asset invariants for logo metadata.,Audit denied reads; successful reads optional unless security review requires.,Low to moderate; display name and logo metadata may reveal tenant identity.,Tenant branding metadata is customer/tenant configuration data.,Yes,No,Yes,Yes,Yes,Story AC-S003-01; first draft,v1 draft,Yes,Yes,Yes,Yes,Acceptable when root reads are tenant-exact active-only and do not expose raw bucket authority.
tenantBranding,saveTenantBrandingForRoot,backend,tenant branding v1,first draft,Allow a root admin to persist durable display name and primary colour for one tenant.,RootUserAdmin,root-admin selected tenant,Root write identifies one selected tenant; request-body tenant inference is not authority.,Root actor must hold manage capability for selected tenant; non-root and cross-tenant actors deny.,root-admin.tenant-branding.manage,Yes,PUT /v1/root-admin/tenants/:tenantId/branding,Route param is exact tenant id; body allows branding display name and primary colour only; system-managed fields are rejected.,Returns saved branding with generated ids timestamps fallback indicators and current logo relationship summary.,400 invalid colour empty display name or system-managed field; 401 unauthenticated; 403 unauthorized; 404 tenant not found; 409 soft-deleted branding conflict; 422 validation failure.,saveTenantBrandingForRoot,tenants selected-tenant lookup; audit writer,Creates or updates active tenant branding record and refreshes updatedAt.,Yes,Unique active branding record per tenant; validation on normalized tenant id and colour format.,No list/search in v1.,Soft delete if later approved sets deletedAt and refreshes updatedAt; v1 normal save does not update soft-deleted records.,Not applicable for non-expiring branding values.,Not applicable unless logo relationship is changed.,No scheduler dependency for display name or colour.,Not applicable for display name or colour.,Authenticated root-admin session.,tenantBranding feature enforces root capability validation and lifecycle; tenants remains canonical tenant identity owner.,Audit successful create/update and denied writes.,Low to moderate; branding display name may be customer-identifying.,Tenant branding display name and colour are durable tenant configuration facts.,Yes,No,Yes,Yes,Yes,Story AC-S003-02 AC-S003-03; first draft,v1 draft,Yes,Yes,Yes,Yes,Acceptable when durable branding facts persist separately from canonical tenant name and successful saves refresh updatedAt.
tenantBranding,createTenantLogoUploadIntent,backend,tenant branding v1,first draft,Allow a root admin to start a constrained tenant logo upload for one selected tenant.,RootUserAdmin,asset relationship,Root write identifies one selected tenant; upload intent tenant scope must match branding owner.,Root actor must hold branding logo update and asset create capabilities; assets validates upload invariants.,root-admin.tenant-branding.logo.update; asset.create,Yes,POST /v1/root-admin/tenants/:tenantId/branding/logo/upload-intents,Route param is exact tenant id; body declares content type byte size optional checksum and accessibility intent metadata; storage keys are server generated.,Returns asset id upload intent id upload target expiry and accepted constraints without permanent bucket URL.,400 invalid MIME size checksum or metadata; 401 unauthenticated; 403 unauthorized or tenant mismatch; 409 quota or lifecycle conflict; 422 unsupported asset constraints.,createTenantLogoUploadIntent,assets createAssetUploadIntent seam; tenants selected-tenant lookup,Creates pending asset/upload-intent records in assets and may record pending branding logo relationship intent if approved.,Maybe,Assets owns upload-intent indexes; tenantBranding may index pending logo relationship by tenant id.,No search in v1.,Upload intents are short-lived single-use actor-bound scope-bound and storage-key-bound.,Expired intents cannot become current logo; retry creates new intent and storage key.,Abandoned objects follow assets cleanup semantics.,Assets cleanup support command or future scheduler handles expired pending uploads.,Failed cleanup remains quota-visible and retryable through assets status.,Authenticated root-admin session.,tenantBranding authorizes entity relationship first; assets enforces asset-native upload constraints second.,Audit intent creation success denial quota denial and repeated mismatch attempts.,Moderate; filenames metadata and logo image may identify tenant.,Logo is tenant configuration asset with contextual accessibility metadata.,Yes,No,Yes,Yes,Yes,Story AC-S004-01; first draft,v1 draft,Yes,Yes,Yes,Yes,Acceptable when logo upload intent is constrained by tenant branding authorization and asset invariants.
tenantBranding,replaceTenantLogoRelationship,backend,tenant branding v1,first draft,Allow a root admin to replace the current tenant logo only with a consumer-ready asset relationship.,RootUserAdmin,asset relationship,Selected tenant must match branding owner and asset tenant; cross-tenant link denies.,Root actor must hold branding logo update and asset link/read capabilities; tenantBranding validates relationship before assets content is consumed.,root-admin.tenant-branding.logo.update; asset.link; asset.read,Yes,PUT /v1/root-admin/tenants/:tenantId/branding/logo,Route param is exact tenant id; body supplies asset id plus alt text or decorative posture; no clear/remove operation in v1.,Returns updated logo relationship with readiness state fallback indicators and prior logo lifecycle posture.,400 missing accessibility metadata invalid asset id or clear request; 401 unauthenticated; 403 unauthorized or tenant mismatch; 404 asset or tenant not found; 409 asset not ready rejected deleted cleanup-pending or incompatible; 422 sanitizer or metadata requirement unmet.,replaceTenantLogoRelationship,assets validateAssetForSubject/readAssetMetadata seams; audit writer,Creates or updates current logo relationship on tenant branding and records prior asset dereference posture.,Yes,One current logo relationship per active tenant branding record; indexes on tenant id asset id lifecycle and deletedAt.,Exact current logo lookup only.,Replacement creates a new current relationship; prior bytes remain under retention cleanup and audit rules.,Pending rejected deleted not-ready and metadata-incomplete assets cannot become consumer-ready.,Prior and abandoned assets remain governed by assets cleanup and retention rules.,Assets cleanup support command or future scheduler handles orphaned pending assets.,Failed cleanup remains quota/cost visible until successful or policy changes.,Authenticated root-admin session.,tenantBranding owns relationship authorization; assets owns asset readiness invariants.,Audit link replacement mismatch failure quota denial cleanup failure and denied cross-tenant attempts.,Moderate; logo and alt text may reveal customer identity.,Logo relationship metadata is tenant configuration data and may include accessibility text.,Yes,No,Yes,Yes,Yes,Story AC-S004-02 AC-S004-04; first draft,v1 draft,Yes,Yes,Yes,Yes,Acceptable when only ready matching assets with contextual accessibility metadata can become current logo.
tenantBranding,readTenantLogoContent,backend,tenant branding v1,first draft,Serve current tenant logo bytes through authorized same-origin delivery.,Tenant user or RootUserAdmin,tenant dashboard current tenant or root selected tenant,Tenant read evaluates one current tenant context matching branding owner and asset tenant; root read uses selected tenant authorization.,Actor must be authorized by tenant branding relationship read before assets content read; public delivery is denied in v1.,tenant-branding.logo.read; asset.content.read,Yes,GET /v1/tenant-dashboard/branding/logo or GET /v1/root-admin/tenants/:tenantId/branding/logo/content,No mutable body; current tenant or selected tenant context is server-side authority.,Returns same-origin image stream with safe content type and nosniff or returns typed not-available state through projection route.,400 invalid context; 401 unauthenticated; 403 unauthorized tenant mismatch or public access; 404 no current logo; 409 logo not ready metadata incomplete deleted rejected cleanup-pending or sanitizer-blocked.,readTenantLogoContent,assets readAssetContent seam; tenant auth current context; root selected-tenant context,Reads branding logo relationship and asset metadata; no branding mutation.,Yes,Indexes on tenant id current logo asset id lifecycle and asset readiness status.,Exact current logo read only.,Content reads require ready consumer-ready logo relationship; normal reads exclude deleted assets and deleted branding.,Pending rejected expired and metadata-incomplete logos are not served.,Missing storage object should produce typed failure and maintenance signal.,No scheduler dependency for normal read.,Storage drift or cleanup failure should be recorded through assets maintenance posture.,Authenticated tenant session or root-admin session.,tenantBranding enforces entity relationship and tenant context first; assets enforces content-read invariants second.,Audit denied content reads; successful reads may be sampled or audited if security review requires.,Moderate; logo content may reveal customer identity.,Private tenant branding image content; no public delivery in v1.,Yes,No,Yes,Yes,Yes,Story AC-S004-03 AC-S005-01 AC-S008-03; first draft,v1 draft,Yes,Yes,Yes,Yes,Acceptable when logo bytes are served only after tenant branding authorization and through same-origin nosniff delivery.
tenantBranding,readTenantDashboardBrandingProjection,backend,tenant branding v1,first draft,Return safe branding values for the authenticated tenant dashboard shell.,Tenant user,tenant dashboard current tenant,Exactly one current tenant context is required; wrong or missing tenant context denies.,Tenant actor must be authorized for tenant dashboard branding read in current tenant; asset content is not authority by itself.,tenant-branding.dashboard.read,Yes,GET /v1/tenant-dashboard/branding,No mutable body; current tenant context comes from server-side auth/session context.,Returns display name primary colour logo URL or null accessibility posture fallback indicators and login/reload timing metadata.,400 missing current tenant; 401 unauthenticated; 403 cross-tenant denied; 404 tenant not found; 409 branding not consumable state; 503 projection dependency unavailable.,readTenantDashboardBrandingProjection,tenant auth current tenant context; assets logo readiness/content route; tenants canonical name fallback,Reads tenant branding record tenants canonical name fallback and logo relationship; no mutation.,Yes,Index active branding by tenant id; logo relationship lookup by current tenant.,Exact current tenant projection only.,Projection uses approved fallback values and does not promise live update to already-open dashboards.,Not applicable for projection itself.,Not applicable for projection itself.,No scheduler dependency for projection.,Cleanup failure may cause logo null fallback and operational status if approved.,Authenticated tenant session with current tenant context.,tenantBranding enforces tenant current-context read and cross-tenant deny.,Audit denied projection reads and dependency failures if security review requires.,Low to moderate; projection exposes tenant display identity and logo URL to authorized tenant users.,Tenant dashboard branding projection is tenant-scoped configuration data.,Yes,No,Yes,Yes,Yes,Story AC-S005-01 AC-S005-02 AC-S005-03 AC-S008-01 AC-S008-02; first draft,v1 draft,Yes,Yes,Yes,Yes,Acceptable when dashboard receives safe fallback-aware branding for exactly one current tenant after login or reload.
tenantBranding,recordTenantBrandingAuditEvidence,backend,tenant branding v1,first draft,Record reviewable security privacy and lifecycle evidence for branding and logo operations.,Security reviewer or system,audit,Root and tenant operations record actor tenant operation outcome and safe metadata without secrets or storage credentials.,Audit writer records success denial mismatch failure cleanup quota and cross-tenant outcomes for approved events.,tenant-branding.audit.record,Maybe,Internal audit writer seam and any future audit read routes,Event payload includes actor tenant operation result reason safe ids and timestamps; forbidden fields include raw bytes storage credentials upload targets tokens and bearer/session identifiers.,Audit records are durable and queryable through approved audit views when those views exist.,400 invalid event payload; 403 unauthorized audit read if surfaced; 409 audit writer unavailable or retry needed; 422 forbidden field detected.,recordTenantBrandingAuditEvidence,audit event writer; assets audit posture,Creates audit events and may record cleanup failure retry metadata.,Maybe,Indexes on tenant id actor id event type createdAt and operation result if audit storage is added or extended.,Audit lookup only through approved audit surfaces.,Audit records persist according to retention policy and do not make failed cleanup invisible.,Failed cleanup records remain visible and count against limits until resolved or policy changes.,Cleanup failures and quota denials remain operationally visible.,Future support command or scheduler may retry cleanup through assets; audit records failure and retry outcomes.,Failed cleanup reason and retry status are durable.,Authenticated feature service context or approved audit viewer for reads.,Feature emits audit-safe events; audit feature controls read authorization if surfaced.,Audit is mandatory for privileged and denied operations.,Moderate; event metadata may identify tenant actor and asset relationships.,Audit data is security-sensitive operational metadata.,Yes,No,Yes,Yes,Yes,Story AC-S006-02 AC-S006-03; first draft,v1 draft,Yes,Yes,Yes,Yes,Acceptable when required events are recorded without forbidden fields and cleanup failures remain visible.
tenantBranding,governTenantBrandingFrontendAdoption,frontend,tenant branding v1,first draft,Ensure root-admin branding and tenant dashboard branding consume governed design-system seams.,RootUserAdmin and tenant user,governed frontend,Root-admin surface uses selected tenant; tenant dashboard surface uses current tenant context.,Frontend visibility follows backend capabilities and does not infer asset authority from asset ownership.,root-admin.tenant-branding.manage; tenant-branding.dashboard.read,Yes,Root-admin branding page and tenant dashboard shell routes to be finalized,Frontend consumes projection and route contracts; no client-supplied system-managed fields; no app-page CSS.,Renders form upload status colour preview validation fallback and dashboard branding states from approved design-system composition.,Validation failure denied state unavailable projection missing logo not-ready logo rejected logo consumer-not-ready logo and cross-tenant-denied fallback.,governTenantBrandingFrontendAdoption,design-system form/upload/image/choice/drawer/list/page-shell/context-nav seams; root-admin topology; tenant dashboard shell,No persistence owned by frontend.,No,Not applicable.,UI filters not applicable in v1.,Frontend reflects backend lifecycle states and does not create hidden durable state.,Not applicable.,Not applicable.,No scheduler dependency.,Frontend displays cleanup or retry status only when API contract approves it.,Authenticated root-admin or tenant browser session depending on surface.,Backend remains authority; frontend gates visibility and handles denied states honestly.,Frontend does not create audit events except through backend operations.,Moderate; logo and display name visible to authorized users.,Rendered branding is tenant-scoped configuration presentation.,Yes,No,Yes,Yes,Yes,Story AC-S002-01 AC-S002-02 AC-S007-01 AC-S007-02 AC-S007-03 AC-S008-01 AC-S008-02; first draft,v1 draft,Yes,Yes,Yes,No,Acceptable when app UI consumes signed-off design-system composition without app-page CSS copied markup or duplicated controller behavior.
tenantBranding,maintainTenantBrandingArtifacts,docs-artifact,tenant branding v1,first draft,Keep source-independent artifacts aligned before Delivery starts.,Repo governance,planning,Not applicable; planning artifacts record root and tenant boundaries before source changes.,Artifact owners must update PRD matrix API data permission design-system asset test blueprint manifest and generated graph surfaces before implementation closes.,tenant-branding.artifact-conformance,No,Not applicable,Not applicable,Maintained artifacts exist and reference each other by stable ids.,Validation errors stale artifacts or generated graph drift block handoff.,maintainTenantBrandingArtifacts,change-control standards; feature manifest workflow; generated dependency graph,No runtime persistence.,No,Not applicable.,Not applicable.,Artifact lifecycle follows change-control status and supersession rules.,Not applicable.,Not applicable.,No scheduler dependency.,Not applicable.,Not applicable.,Change-control validation and review enforce completeness.,Audit not applicable beyond repo history and review notes.,Low; planning artifacts avoid secrets credentials tokens storage keys and raw uploaded content.,Planning metadata only.,Yes,Maybe,Yes,Yes,Yes,Story AC-S009-01 AC-S009-02; first draft,v1 draft,No,No,No,No,Acceptable when downstream artifacts are coherent and stale source-independent docs do not describe pre-change truth.
