Feature,Capability,Capability type (backend - frontend - vertical slice),Phase,Status,Business goal,User outcome,Notes / constraints,Primary actor,Allowed root roles,Minimum role required,Explicitly denied roles,Authorization summary,Governing authz capability,Authz scope type,Granted role / boundary,Mandatory grant?,Protected grant?,Frontend visibility rule,Backend enforcement rule,Audit actor role required?,Frontend required?,Frontend route,Frontend surface,Frontend states,Session / expiry behavior,Client-side permission behavior,API required?,Route(s),Request contract,Response contract,Error contract,Feature seam(s),Cross-feature seams,Persistence impact,Migration required?,Indexes / uniqueness,Search / filter model,Session / auth dependency,Compatibility / migration notes,Authentication requirement,Authorization enforcement layer,CSP / browser security impact,Audit requirement,Privacy / personal data impact,Standards impact,PRD required?,ADR required?,Test-case doc required?,Feature docs update required?,Runbook required?,Standards review required?,Repo health review required?,Traceability status,Lifecycle version/status,Unit tests,Integration tests,Security tests,Audit tests,Edge tests,Frontend tests,Acceptance notes
rootUsers,createRootUser,backend,Build,Current repo-aligned,Create a durable privileged operator record.,Authenticated root user can add a root user for platform operations.,Email trimmed and stored lowercase; status not client-set on create; system-managed fields rejected.,Authenticated root user,RootUserAdmin,RootUserAdmin,unauthenticated callers; tenant admins; tenant users,Current boundary is the explicit RootUserAdmin operator role.,root-user.create,can(...),RootUserAdmin,Yes,Yes,No direct rootUsers browser CRUD UI in phase one.,Valid root-user session plus shared authenticated-general rate limiting.,Not as a separate feature-owned model today.,No,,,n/a,Bearer root session required for API use; browser shell authenticates through rootAuth but does not expose full CRUD UI.,No dedicated rootUsers UI yet.,Yes,POST /v1/root-users,"body { email, firstName?, lastName? }",201 root-user summary,400 INVALID_REQUEST; 409 ROOT_USER_EMAIL_ALREADY_EXISTS,rootUsers contract/domain/persistence/transport plus integration.ts,Protected by rootAuth-backed session middleware; exports createRootUsersAuthStateReader to rootAuth.,"Insert root_users row with generated UUID, timestamps, anonymized=false, deletedAt=null.",Already implemented,Unique normalized non-deleted email; primary key on rootUserId.,Mutation capability.,Requires valid root-auth session; authenticated-general throttling may return 429 RATE_LIMITED.,Normal reads exclude deleted rows by default; auth-state seam must stay narrow.,Valid authenticated root-user session,Shared bearer-session middleware plus feature transport/service validation,None directly for API-only routes.,Feature-specific durable audit model is not yet defined; surrounding auth/session/security visibility remains relevant.,Stores and exposes operator email and optional names.,"Must respect normalization, durable data, stable errors, pagination defaults, and soft-delete rules.",Yes,No,Yes,Yes,No,Yes,Recommended,PRD rootUsers + TC-ROOT-USERS-UNIT-001,v1 / active,Normalize email; reject duplicates; reject system-managed fields.,Create then verify visible list and lifecycle behavior.,Duplicate-email and invalid-request payload stability; authenticated boundary enforced.,Lifecycle change remains operator-visible through surrounding platform behavior.,Empty strings and unexpected fields rejected.,n/a,Done when create path matches PRD contract and validation.
rootUsers,getRootUser,backend,Build,Current repo-aligned,Provide exact visible lookup by rootUserId.,Authenticated root user can retrieve a visible root user by ID.,Visible rows only; deleted and anonymized rows hidden.,Authenticated root user,RootUserAdmin,RootUserAdmin,unauthenticated callers; tenant admins; tenant users,Current boundary is the explicit RootUserAdmin operator role.,root-user.read.visible,can(...),RootUserAdmin,Yes,Yes,No direct rootUsers browser CRUD UI in phase one.,Valid root-user session plus shared authenticated-general rate limiting.,Not as a separate feature-owned model today.,No,,,n/a,Bearer root session required for API use; browser shell authenticates through rootAuth but does not expose full CRUD UI.,No dedicated rootUsers UI yet.,Yes,GET /v1/root-users/:rootUserId,params { rootUserId },200 root-user summary,400 INVALID_REQUEST; 404 ROOT_USER_NOT_FOUND,rootUsers contract/domain/persistence/transport plus integration.ts,Protected by rootAuth-backed session middleware; exports createRootUsersAuthStateReader to rootAuth.,Find visible row by ID.,Already implemented,Primary key on rootUserId.,Exact lookup by ID only.,Requires valid root-auth session; authenticated-general throttling may return 429 RATE_LIMITED.,Normal reads exclude deleted rows by default; auth-state seam must stay narrow.,Valid authenticated root-user session,Shared bearer-session middleware plus feature transport/service validation,None directly for API-only routes.,Feature-specific durable audit model is not yet defined; surrounding auth/session/security visibility remains relevant.,Stores and exposes operator email and optional names.,"Must respect normalization, durable data, stable errors, pagination defaults, and soft-delete rules.",Yes,No,Yes,Yes,No,Yes,Recommended,PRD rootUsers + TC-ROOT-USERS-UNIT-002,v1 / active,Visible lookup succeeds; deleted/anonymized hidden.,Protected route reachable with valid root-auth session.,Invalid UUID rejected; missing/invalid session rejected.,n/a beyond surrounding request/auth visibility.,Unknown ID returns stable not-found payload.,n/a,Done when only visible rows are returned and stable errors match contract.
rootUsers,getRootUserByEmail,backend,Build,Current repo-aligned,Provide exact visible lookup by normalized email.,Authenticated root user can retrieve a visible root user by email.,Handled on collection route when email query is present.,Authenticated root user,RootUserAdmin,RootUserAdmin,unauthenticated callers; tenant admins; tenant users,Current boundary is the explicit RootUserAdmin operator role.,root-user.read.visible,can(...),RootUserAdmin,Yes,Yes,No direct rootUsers browser CRUD UI in phase one.,Valid root-user session plus shared authenticated-general rate limiting.,Not as a separate feature-owned model today.,No,,,n/a,Bearer root session required for API use; browser shell authenticates through rootAuth but does not expose full CRUD UI.,No dedicated rootUsers UI yet.,Yes,GET /v1/root-users?email=person@example.com,query { email } exact normalized lookup,200 root-user summary,400 INVALID_REQUEST; 404 ROOT_USER_NOT_FOUND,rootUsers contract/domain/persistence/transport plus integration.ts,Protected by rootAuth-backed session middleware; exports createRootUsersAuthStateReader to rootAuth.,Find visible row by normalized email.,Already implemented,Normalized email lookup index.,Exact email lookup only when email query present.,Requires valid root-auth session; authenticated-general throttling may return 429 RATE_LIMITED.,Normal reads exclude deleted rows by default; auth-state seam must stay narrow.,Valid authenticated root-user session,Shared bearer-session middleware plus feature transport/service validation,None directly for API-only routes.,Feature-specific durable audit model is not yet defined; surrounding auth/session/security visibility remains relevant.,Stores and exposes operator email and optional names.,"Must respect normalization, durable data, stable errors, pagination defaults, and soft-delete rules.",Yes,No,Yes,Yes,No,Yes,Recommended,PRD rootUsers + TC-ROOT-USERS-UNIT-003,v1 / active,Normalized lookup; deleted/anonymized hidden.,Collection-route exact lookup stays aligned with visible-read semantics.,Invalid email rejected; session boundary enforced.,n/a beyond surrounding request/auth visibility.,Unknown email returns stable not-found payload.,n/a,Done when exact email lookup stays visible-only and normalized.
rootUsers,listRootUsers,backend,Build,Current repo-aligned,Provide filtered paginated listing of visible root users.,Authenticated root user can browse visible root users with deterministic pagination and totals.,Current repo contract excludes deleted and anonymized rows from the normal list.,Authenticated root user,RootUserAdmin,RootUserAdmin,unauthenticated callers; tenant admins; tenant users,Current boundary is the explicit RootUserAdmin operator role.,root-user.read.visible,scope(...) and can(...),RootUserAdmin,Yes,Yes,No direct rootUsers browser CRUD UI in phase one.,Valid root-user session plus shared authenticated-general rate limiting.,Not as a separate feature-owned model today.,No,,,n/a,Bearer root session required for API use; browser shell authenticates through rootAuth but does not expose full CRUD UI.,No dedicated rootUsers UI yet.,Yes,GET /v1/root-users,"query pagination, sorting, supported filters; email query switches to exact lookup",200 paginated list with items and totals,400 INVALID_REQUEST,rootUsers contract/domain/persistence/transport plus integration.ts,Protected by rootAuth-backed session middleware; exports createRootUsersAuthStateReader to rootAuth.,List visible rows with totals.,Already implemented,Indexes for normalized email/name prefix and timestamp/status filters.,Prefix and range filters; visible rows only.,Requires valid root-auth session; authenticated-general throttling may return 429 RATE_LIMITED.,Normal reads exclude deleted rows by default; auth-state seam must stay narrow.,Valid authenticated root-user session,Shared bearer-session middleware plus feature transport/service validation,None directly for API-only routes.,Feature-specific durable audit model is not yet defined; surrounding auth/session/security visibility remains relevant.,Stores and exposes operator email and optional names.,"Must respect normalization, durable data, stable errors, pagination defaults, and soft-delete rules.",Yes,No,Yes,Yes,No,Yes,Recommended,"PRD rootUsers + TC-ROOT-USERS-UNIT-004, INT-001",v1 / active,"Pagination, filtering, sorting, visible-only scope.",Authenticated root session can access route; visible list reflects lifecycle mutations.,Authenticated-general throttling and session boundary enforced.,n/a beyond surrounding platform visibility.,Invalid query rejected with stable payload.,n/a,Done when normal list excludes deleted/anonymized rows and totals are deterministic.
rootUsers,listActiveRootUsers,backend,Build,Current repo-aligned,Provide filtered paginated listing of active visible root users.,Authenticated root user can browse only active visible operators.,Active-only route remains distinct from normal list and deleted list.,Authenticated root user,RootUserAdmin,RootUserAdmin,unauthenticated callers; tenant admins; tenant users,Current boundary is the explicit RootUserAdmin operator role.,root-user.read.active,scope(...),RootUserAdmin,No,No,No direct rootUsers browser CRUD UI in phase one.,Valid root-user session plus shared authenticated-general rate limiting.,Not as a separate feature-owned model today.,No,,,n/a,Bearer root session required for API use; browser shell authenticates through rootAuth but does not expose full CRUD UI.,No dedicated rootUsers UI yet.,Yes,GET /v1/root-users/active,"query pagination, sorting, and active-list filters",200 paginated active visible list,400 INVALID_REQUEST,rootUsers contract/domain/persistence/transport plus integration.ts,Protected by rootAuth-backed session middleware; exports createRootUsersAuthStateReader to rootAuth.,List active visible rows with totals.,Already implemented,Indexes aligned to visible active-list filters.,Visible + active only.,Requires valid root-auth session; authenticated-general throttling may return 429 RATE_LIMITED.,Normal reads exclude deleted rows by default; auth-state seam must stay narrow.,Valid authenticated root-user session,Shared bearer-session middleware plus feature transport/service validation,None directly for API-only routes.,Feature-specific durable audit model is not yet defined; surrounding auth/session/security visibility remains relevant.,Stores and exposes operator email and optional names.,"Must respect normalization, durable data, stable errors, pagination defaults, and soft-delete rules.",Yes,No,Yes,Yes,No,Yes,Recommended,PRD rootUsers + TC-ROOT-USERS-UNIT-005,v1 / active,Only active visible rows returned; filters and sorting deterministic.,Lifecycle mutations affect active-list visibility as expected.,Authenticated-general throttling and session boundary enforced.,n/a,Invalid query rejected.,n/a,Done when active-only route stays aligned to active visible contract.
rootUsers,updateRootUser,backend,Build,Current repo-aligned,Allow controlled updates to editable root-user fields.,Authenticated root user can update visible root-user business fields.,Only visible rows updateable; system-managed fields rejected; updatedAt refreshed.,Authenticated root user,RootUserAdmin,RootUserAdmin,unauthenticated callers; tenant admins; tenant users,Current boundary is the explicit RootUserAdmin operator role.,root-user.update,can(...),RootUserAdmin,Yes,Yes,No direct rootUsers browser CRUD UI in phase one.,Valid root-user session plus shared authenticated-general rate limiting.,Not as a separate feature-owned model today.,No,,,n/a,Bearer root session required for API use; browser shell authenticates through rootAuth but does not expose full CRUD UI.,No dedicated rootUsers UI yet.,Yes,PATCH /v1/root-users/:rootUserId,"params { rootUserId }, body { email?, firstName?, lastName?, status? }",200 updated root-user summary,400 INVALID_REQUEST; 404 ROOT_USER_NOT_FOUND; 409 ROOT_USER_EMAIL_ALREADY_EXISTS,rootUsers contract/domain/persistence/transport plus integration.ts,Protected by rootAuth-backed session middleware; exports createRootUsersAuthStateReader to rootAuth.,Update visible row; refresh updatedAt.,Already implemented,Normalized non-deleted email uniqueness enforced on update.,Mutation capability.,Requires valid root-auth session; authenticated-general throttling may return 429 RATE_LIMITED.,Normal reads exclude deleted rows by default; auth-state seam must stay narrow.,Valid authenticated root-user session,Shared bearer-session middleware plus feature transport/service validation,None directly for API-only routes.,Feature-specific durable audit model is not yet defined; surrounding auth/session/security visibility remains relevant.,Stores and exposes operator email and optional names.,"Must respect normalization, durable data, stable errors, pagination defaults, and soft-delete rules.",Yes,No,Yes,Yes,No,Yes,Recommended,"PRD rootUsers + TC-ROOT-USERS-UNIT-006, EDGE-001",v1 / active,Update fields; duplicate email rejection; updatedAt refresh.,Updated row remains consistent across lookups/lists.,Invalid input and session boundary enforced.,Operator-visible through authenticated platform behavior.,No-field update rejected.,n/a,Done when updates preserve visibility rules and normalized uniqueness.
rootUsers,deleteRootUser,backend,Build,Current repo-aligned,Soft delete a visible root user without losing durable history.,Authenticated root user can remove a user from normal visibility while preserving the record.,Soft delete differs from remove/anonymize; sets deletedAt and updatedAt.,Authenticated root user,RootUserAdmin,RootUserAdmin,unauthenticated callers; tenant admins; tenant users,Current boundary is the explicit RootUserAdmin operator role.,root-user.delete,can(...),RootUserAdmin,No,Yes,No direct rootUsers browser CRUD UI in phase one.,Valid root-user session plus shared authenticated-general rate limiting.,Not as a separate feature-owned model today.,No,,,n/a,Bearer root session required for API use; browser shell authenticates through rootAuth but does not expose full CRUD UI.,No dedicated rootUsers UI yet.,Yes,DELETE /v1/root-users/:rootUserId,params { rootUserId },200 updated root-user summary with deletedAt set,400 INVALID_REQUEST; 404 ROOT_USER_NOT_FOUND; 409 ROOT_USER_ALREADY_DELETED or ROOT_USER_ALREADY_ANONYMIZED,rootUsers contract/domain/persistence/transport plus integration.ts,Protected by rootAuth-backed session middleware; exports createRootUsersAuthStateReader to rootAuth.,Soft delete row; set deletedAt; refresh updatedAt.,Already implemented,Deleted rows remain out of normal unique-active scope.,Mutation capability.,Requires valid root-auth session; authenticated-general throttling may return 429 RATE_LIMITED.,Normal reads exclude deleted rows by default; auth-state seam must stay narrow.,Valid authenticated root-user session,Shared bearer-session middleware plus feature transport/service validation,None directly for API-only routes.,Feature-specific durable audit model is not yet defined; surrounding auth/session/security visibility remains relevant.,Stores and exposes operator email and optional names.,"Must respect normalization, durable data, stable errors, pagination defaults, and soft-delete rules.",Yes,No,Yes,Yes,No,Yes,Recommended,"PRD rootUsers + TC-ROOT-USERS-UNIT-007, INT-003",v1 / active,Soft delete success; repeat delete/anonymized rejection.,Create -> delete -> deleted list flow.,Visibility and uniqueness rules preserved after delete.,Operator-visible through surrounding platform behavior.,Unknown target and repeated delete paths.,n/a,Done when soft delete is distinct from remove and normal reads exclude deleted rows.
rootUsers,listDeletedRootUsers,backend,Build,Current repo-aligned,Provide explicit deleted-only listing with optional anonymized exclusion.,Authenticated root user can inspect deleted rows separately from normal visibility.,Deleted-only surface may hide anonymized rows when excludeAnonymized=true.,Authenticated root user,RootUserAdmin,RootUserAdmin,unauthenticated callers; tenant admins; tenant users,Current boundary is the explicit RootUserAdmin operator role.,root-user.read.deleted,scope(...),RootUserAdmin,No,Yes,No direct rootUsers browser CRUD UI in phase one.,Valid root-user session plus shared authenticated-general rate limiting.,Not as a separate feature-owned model today.,No,,,n/a,Bearer root session required for API use; browser shell authenticates through rootAuth but does not expose full CRUD UI.,No dedicated rootUsers UI yet.,Yes,GET /v1/root-users/deleted,"query pagination, sorting, filters, excludeAnonymized?",200 paginated list of deleted rows,400 INVALID_REQUEST,rootUsers contract/domain/persistence/transport plus integration.ts,Protected by rootAuth-backed session middleware; exports createRootUsersAuthStateReader to rootAuth.,List deleted rows with totals.,Already implemented,Indexes aligned to deleted-row filters and anonymized flag.,Deleted rows only; excludeAnonymized supported.,Requires valid root-auth session; authenticated-general throttling may return 429 RATE_LIMITED.,Normal reads exclude deleted rows by default; auth-state seam must stay narrow.,Valid authenticated root-user session,Shared bearer-session middleware plus feature transport/service validation,None directly for API-only routes.,Feature-specific durable audit model is not yet defined; surrounding auth/session/security visibility remains relevant.,Stores and exposes operator email and optional names.,"Must respect normalization, durable data, stable errors, pagination defaults, and soft-delete rules.",Yes,No,Yes,Yes,No,Yes,Recommended,PRD rootUsers + TC-ROOT-USERS-UNIT-008,v1 / active,Deleted-only listing; excludeAnonymized behavior; deterministic filters.,Deleted rows appear only through explicit deleted-list behavior.,Session boundary and stable invalid-query payloads.,n/a,Invalid query rejected.,n/a,Done when deleted rows are exposed only through explicit capability.
rootUsers,reActivateRootUser,backend,Build,Current repo-aligned,Restore an eligible deleted root user back to visible active state.,Authenticated root user can reactivate a deleted non-anonymized user when uniqueness allows.,"Must be deleted, not anonymized, and not collide on normalized email.",Authenticated root user,RootUserAdmin,RootUserAdmin,unauthenticated callers; tenant admins; tenant users,Current boundary is the explicit RootUserAdmin operator role.,root-user.reactivate,can(...),RootUserAdmin,No,Yes,No direct rootUsers browser CRUD UI in phase one.,Valid root-user session plus shared authenticated-general rate limiting.,Not as a separate feature-owned model today.,No,,,n/a,Bearer root session required for API use; browser shell authenticates through rootAuth but does not expose full CRUD UI.,No dedicated rootUsers UI yet.,Yes,POST /v1/root-users/:rootUserId/reactivate,params { rootUserId },200 updated root-user summary with deletedAt cleared,"400 INVALID_REQUEST; 404 ROOT_USER_NOT_FOUND; 409 ROOT_USER_NOT_DELETED, ROOT_USER_ALREADY_ANONYMIZED, ROOT_USER_EMAIL_ALREADY_EXISTS",rootUsers contract/domain/persistence/transport plus integration.ts,Protected by rootAuth-backed session middleware; exports createRootUsersAuthStateReader to rootAuth.,Clear deletedAt; refresh updatedAt; restore visible row.,Already implemented,Normalized non-deleted email uniqueness rechecked on restore.,Mutation capability.,Requires valid root-auth session; authenticated-general throttling may return 429 RATE_LIMITED.,Normal reads exclude deleted rows by default; auth-state seam must stay narrow.,Valid authenticated root-user session,Shared bearer-session middleware plus feature transport/service validation,None directly for API-only routes.,Feature-specific durable audit model is not yet defined; surrounding auth/session/security visibility remains relevant.,Stores and exposes operator email and optional names.,"Must respect normalization, durable data, stable errors, pagination defaults, and soft-delete rules.",Yes,No,Yes,Yes,No,Yes,Recommended,"PRD rootUsers + TC-ROOT-USERS-UNIT-009, INT-003",v1 / active,Valid reactivate; visible/anonymized/conflicting rows rejected.,Deleted list -> reactivate -> visible list flow.,Uniqueness preserved across lifecycle changes.,Operator-visible through surrounding platform behavior.,Already-visible row and conflict rejection paths.,n/a,Done when only eligible deleted rows reactivate and uniqueness is enforced.
rootUsers,removeRootUser,backend,Build,Current repo-aligned,Irreversibly anonymize a root user while retaining durable lifecycle history.,Authenticated root user can permanently anonymize a root-user record.,Operation is irreversible; anonymized values are server-generated; anonymized rows cannot be reactivated.,Authenticated root user,RootUserAdmin,RootUserAdmin,unauthenticated callers; tenant admins; tenant users,Current boundary is the explicit RootUserAdmin operator role.,root-user.remove,can(...),RootUserAdmin,No,Yes,No direct rootUsers browser CRUD UI in phase one.,Valid root-user session plus shared authenticated-general rate limiting.,Not as a separate feature-owned model today.,No,,,n/a,Bearer root session required for API use; browser shell authenticates through rootAuth but does not expose full CRUD UI.,No dedicated rootUsers UI yet.,Yes,POST /v1/root-users/:rootUserId/remove,params { rootUserId },200 anonymized root-user summary,400 INVALID_REQUEST; 404 ROOT_USER_NOT_FOUND,rootUsers contract/domain/persistence/transport plus integration.ts,Protected by rootAuth-backed session middleware; exports createRootUsersAuthStateReader to rootAuth.,"Anonymize row in place, mark lifecycle accordingly, refresh updatedAt.",Already implemented,Generated anonymized values must remain valid and non-colliding.,Mutation capability.,Requires valid root-auth session; authenticated-general throttling may return 429 RATE_LIMITED.,Normal reads exclude deleted rows by default; auth-state seam must stay narrow.,Valid authenticated root-user session,Shared bearer-session middleware plus feature transport/service validation,None directly for API-only routes.,Feature-specific durable audit model is not yet defined; surrounding auth/session/security visibility remains relevant.,Stores and exposes operator email and optional names.,"Must respect normalization, durable data, stable errors, pagination defaults, and soft-delete rules.",Yes,No,Yes,Yes,No,Yes,Recommended,"PRD rootUsers + TC-ROOT-USERS-UNIT-010, INT-003",v1 / active,Anonymize irreversibly; generated replacement values; reactivation blocked later.,Create/delete/remove path keeps normal visibility blocked.,Anonymized rows remain excluded from normal visibility.,Operator-visible through surrounding platform behavior.,Later reactivation attempt blocked.,n/a,Done when anonymization is irreversible and distinct from soft delete.
rootUsers,readRootUserAuthState,backend,Build,Current repo-aligned,Expose a narrow lifecycle seam for auth eligibility checks.,"rootAuth can determine whether a root user is active, inactive, deleted, or anonymized without private persistence coupling.",Capability-specific seam only; not a broad repository export.,Authenticated root user,RootUserAdmin,RootUserAdmin,unauthenticated callers; tenant admins; tenant users,Current boundary is the explicit RootUserAdmin operator role.,internal seam; not separately granted,internal seam,system internal seam,n/a,n/a,No direct rootUsers browser CRUD UI in phase one.,Valid root-user session plus shared authenticated-general rate limiting.,Not as a separate feature-owned model today.,No,,,n/a,Bearer root session required for API use; browser shell authenticates through rootAuth but does not expose full CRUD UI.,No dedicated rootUsers UI yet.,No,exported seam createRootUsersAuthStateReader(dbPool),input { rootUserId },auth-state summary or absent result,Missing user returns absent seam result rather than transport error.,rootUsers contract/domain/persistence/transport plus integration.ts,Protected by rootAuth-backed session middleware; exports createRootUsersAuthStateReader to rootAuth.,Read lifecycle state from root_users.,Already implemented,Primary key on rootUserId.,Exact seam lookup by rootUserId.,Used internally by rootAuth service logic.,Normal reads exclude deleted rows by default; auth-state seam must stay narrow.,Internal cross-feature seam; no direct HTTP surface.,Feature public seam contract.,None directly for API-only routes.,Feature-specific durable audit model is not yet defined; surrounding auth/session/security visibility remains relevant.,Stores and exposes operator email and optional names.,"Must respect normalization, durable data, stable errors, pagination defaults, and soft-delete rules.",Yes,No,Yes,Yes,No,Yes,Recommended,"PRD rootUsers + TC-ROOT-USERS-UNIT-011, INT-002",v1 / active,Return active/inactive/deleted/anonymized state safely.,rootAuth consumes seam and blocks sign-in appropriately.,No private persistence coupling; narrow surface only.,n/a,Absent-user seam result handled cleanly.,n/a,Done when rootAuth can enforce lifecycle eligibility through this seam only.
rootAuth,createRootUserAuthPrincipal,backend,Build,Current repo-aligned,Create durable authentication identity linked to an existing root user.,Authenticated root user can provision auth credentials for a root user.,Normalized login email unique in root auth scope; password must meet policy; root-only administrative exception applies.,Unauthenticated login caller for public login; authenticated root user for protected routes,RootUserAdmin,RootUserAdmin,tenant admins; tenant users; unauthorized callers on protected routes,Current protected rootAuth boundary is the explicit RootUserAdmin operator role; public login remains separate.,root-auth.principal.create,can(...),RootUserAdmin,Yes,Yes,Browser shell uses browser-oriented routes; protected admin actions require existing session.,Public login routes use public-auth throttling and auth abuse controls; protected routes use bearer-session middleware and authenticated-sensitive rate limiting.,Yes,No,,,n/a,Bearer sessions are opaque server-backed auth_sessions; browser routes share same session records through cookie transport.,Protected capabilities not reachable without valid session.,Yes,POST /v1/root-auth/principals,"body { loginEmail, password, rootUserId }",201 created principal summary,400 invalid request/password; 404 ROOT_USER_NOT_FOUND; 409 AUTH_PRINCIPAL_EMAIL_ALREADY_EXISTS,rootAuth contract/domain/persistence/transport plus integration.ts,Reads root-user eligibility through createRootUsersAuthStateReader; uses shared auth middleware and platform security repositories.,"Insert auth principal, link row, and audit event.",Already implemented,Unique normalized login email; one-to-one principal/root-user link.,Mutation capability.,Protected route; authenticated-sensitive rate limiting applies.,Legacy raw SSH signature path remains supported while browser helper uses OpenSSH-native signature format.,Valid authenticated root-user session,Shared auth middleware plus feature transport/service rules,None directly.,"Principal creation, login stages, password change, key changes, session revocation, logout, bootstrap, and abuse events must be audit logged.","Processes login email, root user identity, session metadata, IP address, and user agent.","Security-sensitive auth feature; must preserve generic login failures, audit visibility, session safety, and secure storage rules.",Yes,No additional ADR for feature-local behavior; browser architecture decisions live in ADRs 0013 and 0014.,Yes,Yes,For browser/helper path yes,Yes,Recommended,PRD rootAuth + TC-ROOT-AUTH-UNIT-001,v1 / active,"Create principal/link/audit; normalize email; reject duplicate email, missing root user, weak password.",Provision principal then complete login flow.,Protected-route boundary and password-policy enforcement.,Principal creation emits durable audit event.,No partial principal/link on rejected create.,n/a,"Done when principal creation is root-only, normalized, durable, and audited."
rootAuth,bootstrapExistingRootUserAuth,backend,Build,Current repo-aligned,Backfill auth for existing root users during rollout.,Existing root users can authenticate immediately after rollout without manual per-user setup.,Internal migration capability; idempotent; stores only SSH public key; bootstrap secret material must not be logged.,Unauthenticated login caller for public login; authenticated root user for protected routes,internal migration execution,internal migration execution,tenant admins; tenant users; unauthorized callers on protected routes,Internal bootstrap/migration behavior; not a live user-role boundary.,internal bootstrap capability; not role-granted,internal bootstrap,internal migration execution,n/a,n/a,Browser shell uses browser-oriented routes; protected admin actions require existing session.,Public login routes use public-auth throttling and auth abuse controls; protected routes use bearer-session middleware and authenticated-sensitive rate limiting.,Yes,No,,,,Bearer sessions are opaque server-backed auth_sessions; browser routes share same session records through cookie transport.,,No,feature migration/bootstrap path,migration input derived from existing rootUsers plus configured bootstrap password and SSH public key,migration result summary per-row outcome,invalid bootstrap key; duplicate conflicting principal; missing root user,rootAuth contract/domain/persistence/transport plus integration.ts,Reads root-user eligibility through createRootUsersAuthStateReader; uses shared auth middleware and platform security repositories.,"Create principal, link, key, and audit rows if absent.",Already implemented,Idempotent uniqueness across normalized login email and link/key identity.,Internal migration capability.,"Runs as migration/bootstrap logic, not a user-session route.",Legacy raw SSH signature path remains supported while browser helper uses OpenSSH-native signature format.,Internal migration execution only,Shared auth middleware plus feature transport/service rules,None.,"Principal creation, login stages, password change, key changes, session revocation, logout, bootstrap, and abuse events must be audit logged.","Processes login email, root user identity, session metadata, IP address, and user agent.","Security-sensitive auth feature; must preserve generic login failures, audit visibility, session safety, and secure storage rules.",Yes,No additional ADR for feature-local behavior; browser architecture decisions live in ADRs 0013 and 0014.,Yes,Yes,For browser/helper path yes,Yes,Recommended,PRD rootAuth + bootstrap capability + persistence-backed coverage,v1 / active,First run success; rerun idempotency; partial-existing state; invalid bootstrap key.,Bootstrapped users can complete login flow afterwards.,Only public key stored; secrets not logged; conflicts handled safely.,Bootstrap application writes audit/migration events.,Partial-existing state and idempotent rerun.,,"Done when rollout bootstrap is idempotent, safe, and immediately usable."
rootAuth,loginRootUserWithPassword,backend,Build,Current repo-aligned,Gate root login on valid email/password before SSH proof.,Caller receives SSH challenge only after passing password and lifecycle checks.,Generic invalid-credentials outwardly; no session created yet; current repo also returns availableSshKeys for browser use.,Unauthenticated login caller for public login; authenticated root user for protected routes,n/a public entrypoint,n/a public entrypoint,tenant admins; tenant users; unauthorized callers on protected routes,Public login entrypoint plus abuse controls; RootUserAdmin is required only for protected rootAuth capabilities.,public root login entrypoint,n/a,public unauthenticated caller,Yes,Yes,Browser shell uses browser-oriented routes; protected admin actions require existing session.,Public login routes use public-auth throttling and auth abuse controls; protected routes use bearer-session middleware and authenticated-sensitive rate limiting.,Yes,No,,,n/a,Bearer sessions are opaque server-backed auth_sessions; browser routes share same session records through cookie transport.,Protected capabilities not reachable without valid session.,Yes,POST /v1/root-auth/login/password,"body { email, password }","200 SSH_CHALLENGE_REQUIRED with challengeId, challengeText, availableSshKeys",generic invalid credentials/sign-in blocked; 429 AUTH_THROTTLED or AUTH_LOCKED_DOWN; 400 INVALID_REQUEST,rootAuth contract/domain/persistence/transport plus integration.ts,Reads root-user eligibility through createRootUsersAuthStateReader; uses shared auth middleware and platform security repositories.,"Read principal/link, create one-time challenge, write audit event.",Already implemented,Normalized login email lookup index.,Exact normalized login email lookup.,Public auth route with shared public-auth throttling and root-auth abuse controls.,Legacy raw SSH signature path remains supported while browser helper uses OpenSSH-native signature format.,Unauthenticated public route,Shared auth middleware plus feature transport/service rules,Used by browser shell and API/manual flows.,"Principal creation, login stages, password change, key changes, session revocation, logout, bootstrap, and abuse events must be audit logged.","Processes login email, root user identity, session metadata, IP address, and user agent.","Security-sensitive auth feature; must preserve generic login failures, audit visibility, session safety, and secure storage rules.",Yes,No additional ADR for feature-local behavior; browser architecture decisions live in ADRs 0013 and 0014.,Yes,Yes,For browser/helper path yes,Yes,Recommended,"PRD rootAuth + TC-ROOT-AUTH-UNIT-002, INT-001, INT-002; browser-shell INT-001",v1 / active,Success returns challenge only; generic failures; lifecycle blocks; success/failure audit; throttling path.,Password stage feeds SSH stage and blocks inactive/deleted/anonymized users before challenge issuance.,Generic external failures; abuse controls and throttling enforced.,Password-stage success/failure audit events.,Repeated failures trigger throttle/lockdown paths.,n/a,"Done when password stage is generic outwardly, lifecycle-aware, audited, and never creates a session."
rootAuth,completeRootUserSshChallenge,backend,Build,Current repo-aligned,Complete API/manual root login by SSH proof.,Caller receives bearer session only after valid SSH proof against active stored key.,"Challenge must exist, be unexpired, single-use, and verify against active non-revoked key.",Unauthenticated login caller for public login; authenticated root user for protected routes,n/a public entrypoint,n/a public entrypoint,tenant admins; tenant users; unauthorized callers on protected routes,Public login entrypoint plus abuse controls; RootUserAdmin is required only for protected rootAuth capabilities.,public root login entrypoint,n/a,public unauthenticated caller,Yes,Yes,Browser shell uses browser-oriented routes; protected admin actions require existing session.,Public login routes use public-auth throttling and auth abuse controls; protected routes use bearer-session middleware and authenticated-sensitive rate limiting.,Yes,No,,,n/a,Bearer sessions are opaque server-backed auth_sessions; browser routes share same session records through cookie transport.,Protected capabilities not reachable without valid session.,Yes,POST /v1/root-auth/login/ssh,"body { challengeId, signature, publicKeyFingerprint }",200 AUTHENTICATED with session summary,invalid/expired/used challenge or invalid signature; auth abuse responses,rootAuth contract/domain/persistence/transport plus integration.ts,Reads root-user eligibility through createRootUsersAuthStateReader; uses shared auth middleware and platform security repositories.,"Read challenge/keys, mark challenge used, create auth_session, write audit event.",Already implemented,Challenge/session primary keys; key fingerprint lookup.,Exact challengeId and fingerprint verification.,Public auth route with auth abuse controls.,Legacy raw SSH signature path remains supported while browser helper uses OpenSSH-native signature format.,Unauthenticated public route,Shared auth middleware plus feature transport/service rules,API/manual bearer-token path.,"Principal creation, login stages, password change, key changes, session revocation, logout, bootstrap, and abuse events must be audit logged.","Processes login email, root user identity, session metadata, IP address, and user agent.","Security-sensitive auth feature; must preserve generic login failures, audit visibility, session safety, and secure storage rules.",Yes,No additional ADR for feature-local behavior; browser architecture decisions live in ADRs 0013 and 0014.,Yes,Yes,For browser/helper path yes,Yes,Recommended,"PRD rootAuth + TC-ROOT-AUTH-UNIT-003, INT-001",v1 / active,Valid signature creates session; expired/used/wrong signature/wrong key/revoked key rejected; audit on success/failure.,Password stage + SSH stage unlock protected rootUsers routes.,Revoked key and reused challenge must fail; auth abuse controls apply.,SSH-stage success/failure audit events.,Expired challenge; missing challenge; wrong fingerprint.,n/a,Done when session creation happens only after valid SSH proof.
rootAuth,changeRootUserPassword,backend,Build,Current repo-aligned,Allow authenticated root user to change password safely.,Authenticated root user can rotate password while invalidating other sessions.,Current password verified; new password policy enforced; other sessions revoked.,Unauthenticated login caller for public login; authenticated root user for protected routes,RootUserAdmin,RootUserAdmin,tenant admins; tenant users; unauthorized callers on protected routes,Current protected rootAuth boundary is the explicit RootUserAdmin operator role; this capability remains ownership-scoped.,root-auth.password.change.own,can(...),RootUserAdmin,Yes,Yes,Browser shell uses browser-oriented routes; protected admin actions require existing session.,Public login routes use public-auth throttling and auth abuse controls; protected routes use bearer-session middleware and authenticated-sensitive rate limiting.,Yes,No,,,n/a,Bearer sessions are opaque server-backed auth_sessions; browser routes share same session records through cookie transport.,Protected capabilities not reachable without valid session.,Yes,POST /v1/root-auth/password/change,"body { currentPassword, newPassword }",200 status response,invalid current/new password; unauthorized,rootAuth contract/domain/persistence/transport plus integration.ts,Reads root-user eligibility through createRootUsersAuthStateReader; uses shared auth middleware and platform security repositories.,"Update password hash, password_changed_at, revoke other sessions, audit event.",Already implemented,Session lookup by principal/session.,Mutation capability.,Protected route; authenticated-sensitive rate limiting applies.,Legacy raw SSH signature path remains supported while browser helper uses OpenSSH-native signature format.,Valid authenticated root-user session,Shared auth middleware plus feature transport/service rules,None directly.,"Principal creation, login stages, password change, key changes, session revocation, logout, bootstrap, and abuse events must be audit logged.","Processes login email, root user identity, session metadata, IP address, and user agent.","Security-sensitive auth feature; must preserve generic login failures, audit visibility, session safety, and secure storage rules.",Yes,No additional ADR for feature-local behavior; browser architecture decisions live in ADRs 0013 and 0014.,Yes,Yes,For browser/helper path yes,Yes,Recommended,"PRD rootAuth + TC-ROOT-AUTH-UNIT-004, INT-004",v1 / active,Valid change; invalid current password; weak new password; revoke other sessions; audit success/failure.,Other sessions lose access after password change.,Protected-route boundary and password-policy enforcement.,Password change audit visibility.,Current session survival semantics verified.,n/a,Done when password rotation is policy-compliant and revokes other sessions safely.
rootAuth,addRootUserSshPublicKey,backend,Build,Current repo-aligned,Register SSH public key for future login proof.,Authenticated root user can add a valid SSH public key.,Public key only; prefer ssh-ed25519; duplicate active key rejected by fingerprint.,Unauthenticated login caller for public login; authenticated root user for protected routes,RootUserAdmin,RootUserAdmin,tenant admins; tenant users; unauthorized callers on protected routes,Current protected rootAuth boundary is the explicit RootUserAdmin operator role; this capability remains ownership-scoped.,root-auth.ssh-key.create.own,can(...),RootUserAdmin,Yes,Yes,Browser shell uses browser-oriented routes; protected admin actions require existing session.,Public login routes use public-auth throttling and auth abuse controls; protected routes use bearer-session middleware and authenticated-sensitive rate limiting.,Yes,No,,,n/a,Bearer sessions are opaque server-backed auth_sessions; browser routes share same session records through cookie transport.,Protected capabilities not reachable without valid session.,Yes,POST /v1/root-auth/ssh-keys,"body { label, publicKey }",201 SSH key summary,invalid key format/unsupported algorithm/duplicate key/unauthorized,rootAuth contract/domain/persistence/transport plus integration.ts,Reads root-user eligibility through createRootUsersAuthStateReader; uses shared auth middleware and platform security repositories.,"Parse key, fingerprint, store public key row, audit event.",Already implemented,Fingerprint uniqueness among active keys for principal/auth scope.,Mutation capability.,Protected route; authenticated-sensitive rate limiting applies.,Legacy raw SSH signature path remains supported while browser helper uses OpenSSH-native signature format.,Valid authenticated root-user session,Shared auth middleware plus feature transport/service rules,None directly.,"Principal creation, login stages, password change, key changes, session revocation, logout, bootstrap, and abuse events must be audit logged.","Processes login email, root user identity, session metadata, IP address, and user agent.","Security-sensitive auth feature; must preserve generic login failures, audit visibility, session safety, and secure storage rules.",Yes,No additional ADR for feature-local behavior; browser architecture decisions live in ADRs 0013 and 0014.,Yes,Yes,For browser/helper path yes,Yes,Recommended,PRD rootAuth + TC-ROOT-AUTH-UNIT-005,v1 / active,Valid ed25519 key; malformed key rejected; unsupported algorithm rejected; duplicate active key rejected.,Added key can later be used for login flow.,Only public key material stored; unsupported algorithms blocked.,Key-add action audited.,Duplicate fingerprint and malformed key payloads.,n/a,Done when only valid public keys are stored and duplicate active keys are blocked.
rootAuth,listRootUserSshPublicKeys,backend,Build,Current repo-aligned,Expose safe summaries of registered SSH public keys.,Authenticated root user can inspect active and revoked keys without exposing private material.,Safe summary only; no private material ever returned.,Unauthenticated login caller for public login; authenticated root user for protected routes,RootUserAdmin,RootUserAdmin,tenant admins; tenant users; unauthorized callers on protected routes,Current protected rootAuth boundary is the explicit RootUserAdmin operator role; this capability remains ownership-scoped.,root-auth.ssh-key.read.own,scope(...) and can(...),RootUserAdmin,Yes,Yes,Browser shell uses browser-oriented routes; protected admin actions require existing session.,Public login routes use public-auth throttling and auth abuse controls; protected routes use bearer-session middleware and authenticated-sensitive rate limiting.,Yes,No,,,,Bearer sessions are opaque server-backed auth_sessions; browser routes share same session records through cookie transport.,,Yes,GET /v1/root-auth/ssh-keys,authenticated session context,200 list of SSH key summaries,401 unauthorized,rootAuth contract/domain/persistence/transport plus integration.ts,Reads root-user eligibility through createRootUsersAuthStateReader; uses shared auth middleware and platform security repositories.,Query keys by principal and map safe summaries.,Already implemented,Principal/key lookup indexes.,List owned keys only.,Protected route; authenticated-sensitive rate limiting applies.,Legacy raw SSH signature path remains supported while browser helper uses OpenSSH-native signature format.,Valid authenticated root-user session,Shared auth middleware plus feature transport/service rules,,"Principal creation, login stages, password change, key changes, session revocation, logout, bootstrap, and abuse events must be audit logged.","Processes login email, root user identity, session metadata, IP address, and user agent.","Security-sensitive auth feature; must preserve generic login failures, audit visibility, session safety, and secure storage rules.",Yes,No additional ADR for feature-local behavior; browser architecture decisions live in ADRs 0013 and 0014.,Yes,Yes,For browser/helper path yes,Yes,Recommended,PRD rootAuth + TC-ROOT-AUTH-UNIT-009,v1 / active,Returns active keys and revoked keys with safe summary fields only.,List reflects add/revoke lifecycle.,No private material exposed; unauthorized access rejected.,n/a for read-only list beyond auth visibility.,Empty list path.,,Done when key list is safe and private material never surfaces.
rootAuth,revokeRootUserSshPublicKey,backend,Build,Current repo-aligned,Disable a registered SSH public key.,Authenticated root user can revoke a key so it can no longer authenticate.,Revoked key must no longer authenticate; operation behavior should be deterministic.,Unauthenticated login caller for public login; authenticated root user for protected routes,RootUserAdmin,RootUserAdmin,tenant admins; tenant users; unauthorized callers on protected routes,Current protected rootAuth boundary is the explicit RootUserAdmin operator role; this capability remains ownership-scoped.,root-auth.ssh-key.revoke.own,can(...),RootUserAdmin,Yes,Yes,Browser shell uses browser-oriented routes; protected admin actions require existing session.,Public login routes use public-auth throttling and auth abuse controls; protected routes use bearer-session middleware and authenticated-sensitive rate limiting.,Yes,No,,,n/a,Bearer sessions are opaque server-backed auth_sessions; browser routes share same session records through cookie transport.,Protected capabilities not reachable without valid session.,Yes,DELETE /v1/root-auth/ssh-keys/:keyId,params { keyId },200 status response,401 unauthorized; 404 key not found,rootAuth contract/domain/persistence/transport plus integration.ts,Reads root-user eligibility through createRootUsersAuthStateReader; uses shared auth middleware and platform security repositories.,Mark key revoked and write audit event.,Already implemented,Key ID and principal ownership lookup.,Mutation capability.,Protected route; authenticated-sensitive rate limiting applies.,Legacy raw SSH signature path remains supported while browser helper uses OpenSSH-native signature format.,Valid authenticated root-user session,Shared auth middleware plus feature transport/service rules,None directly.,"Principal creation, login stages, password change, key changes, session revocation, logout, bootstrap, and abuse events must be audit logged.","Processes login email, root user identity, session metadata, IP address, and user agent.","Security-sensitive auth feature; must preserve generic login failures, audit visibility, session safety, and secure storage rules.",Yes,No additional ADR for feature-local behavior; browser architecture decisions live in ADRs 0013 and 0014.,Yes,Yes,For browser/helper path yes,Yes,Recommended,PRD rootAuth + TC-ROOT-AUTH-UNIT-006,v1 / active,Active key revoked; missing key rejected; revoked key not active for auth.,Revoked key fails subsequent login attempts.,Revoked key cannot authenticate; unauthorized access rejected.,Key revoke action audited.,Repeated revoke semantics handled deterministically.,n/a,"Done when revoked keys are durable, auditable, and blocked from auth use."
rootAuth,listRootUserSessions,backend,Build,Current repo-aligned,Expose safe summaries of owned authenticated sessions.,Authenticated root user can inspect current and other owned sessions.,Minimal safe metadata only.,Unauthenticated login caller for public login; authenticated root user for protected routes,RootUserAdmin,RootUserAdmin,tenant admins; tenant users; unauthorized callers on protected routes,Current protected rootAuth boundary is the explicit RootUserAdmin operator role; this capability remains ownership-scoped.,root-auth.session.read.own,scope(...) and can(...),RootUserAdmin,Yes,Yes,Browser shell uses browser-oriented routes; protected admin actions require existing session.,Public login routes use public-auth throttling and auth abuse controls; protected routes use bearer-session middleware and authenticated-sensitive rate limiting.,Yes,No,,,n/a,Bearer sessions are opaque server-backed auth_sessions; browser routes share same session records through cookie transport.,Protected capabilities not reachable without valid session.,Yes,GET /v1/root-auth/sessions,authenticated session context,200 list of session summaries,401 unauthorized,rootAuth contract/domain/persistence/transport plus integration.ts,Reads root-user eligibility through createRootUsersAuthStateReader; uses shared auth middleware and platform security repositories.,Query auth_sessions by principal.,Already implemented,Session ID and principal lookup indexes.,List owned sessions only.,Protected route; authenticated-sensitive rate limiting applies.,Legacy raw SSH signature path remains supported while browser helper uses OpenSSH-native signature format.,Valid authenticated root-user session,Shared auth middleware plus feature transport/service rules,None directly.,"Principal creation, login stages, password change, key changes, session revocation, logout, bootstrap, and abuse events must be audit logged.","Processes login email, root user identity, session metadata, IP address, and user agent.","Security-sensitive auth feature; must preserve generic login failures, audit visibility, session safety, and secure storage rules.",Yes,No additional ADR for feature-local behavior; browser architecture decisions live in ADRs 0013 and 0014.,Yes,Yes,For browser/helper path yes,Yes,Recommended,PRD rootAuth + TC-ROOT-AUTH-UNIT-010,v1 / active,Return owned sessions with minimal safe metadata; empty list path.,"Session list reflects login, revoke, and logout flows.",Unauthorized access rejected; unsafe internal fields not surfaced.,n/a for read-only list beyond auth visibility.,Empty list path.,n/a,Done when session list is safe and ownership-scoped.
rootAuth,revokeRootUserSession,backend,Build,Current repo-aligned,Revoke a specific owned session.,Authenticated root user can revoke a session and cut off its future access.,Phase-one semantics align to owned-session management; revocation must be durable.,Unauthenticated login caller for public login; authenticated root user for protected routes,RootUserAdmin,RootUserAdmin,tenant admins; tenant users; unauthorized callers on protected routes,Current protected rootAuth boundary is the explicit RootUserAdmin operator role; this capability remains ownership-scoped.,root-auth.session.revoke.own,can(...),RootUserAdmin,Yes,Yes,Browser shell uses browser-oriented routes; protected admin actions require existing session.,Public login routes use public-auth throttling and auth abuse controls; protected routes use bearer-session middleware and authenticated-sensitive rate limiting.,Yes,No,,,,Bearer sessions are opaque server-backed auth_sessions; browser routes share same session records through cookie transport.,,Yes,POST /v1/root-auth/sessions/:sessionId/revoke,params { sessionId },200 status response,401 unauthorized; 404 session not found,rootAuth contract/domain/persistence/transport plus integration.ts,Reads root-user eligibility through createRootUsersAuthStateReader; uses shared auth middleware and platform security repositories.,Mark session revoked and write audit event.,Already implemented,Session ID and principal ownership lookup.,Mutation capability.,Protected route; authenticated-sensitive rate limiting applies.,Legacy raw SSH signature path remains supported while browser helper uses OpenSSH-native signature format.,Valid authenticated root-user session,Shared auth middleware plus feature transport/service rules,,"Principal creation, login stages, password change, key changes, session revocation, logout, bootstrap, and abuse events must be audit logged.","Processes login email, root user identity, session metadata, IP address, and user agent.","Security-sensitive auth feature; must preserve generic login failures, audit visibility, session safety, and secure storage rules.",Yes,No additional ADR for feature-local behavior; browser architecture decisions live in ADRs 0013 and 0014.,Yes,Yes,For browser/helper path yes,Yes,Recommended,"PRD rootAuth + TC-ROOT-AUTH-UNIT-008, INT-003",v1 / active,Own session revoked; missing session rejected; non-owned session rejected if ownership is required.,Revoked session loses access across rootAuth and rootUsers.,Durable session revocation enforced by middleware.,Session revoke action audited.,Missing or already-revoked session behavior deterministic.,,Done when revocation is durable and immediately enforced across protected routes.
rootAuth,logoutRootUserSession,backend,Build,Current repo-aligned,Revoke the current bearer session cleanly.,Authenticated root user can log out of the current API/manual session.,Current session must be revoked server-side.,Unauthenticated login caller for public login; authenticated root user for protected routes,RootUserAdmin,RootUserAdmin,tenant admins; tenant users; unauthorized callers on protected routes,Current protected rootAuth boundary is the explicit RootUserAdmin operator role.,root-auth.session.logout.own,can(...),RootUserAdmin,Yes,Yes,Browser shell uses browser-oriented routes; protected admin actions require existing session.,Public login routes use public-auth throttling and auth abuse controls; protected routes use bearer-session middleware and authenticated-sensitive rate limiting.,Yes,No,,,n/a,Bearer sessions are opaque server-backed auth_sessions; browser routes share same session records through cookie transport.,Protected capabilities not reachable without valid session.,Yes,POST /v1/root-auth/logout,authenticated current-session context,200 status response,401 unauthorized; session not found handled deterministically,rootAuth contract/domain/persistence/transport plus integration.ts,Reads root-user eligibility through createRootUsersAuthStateReader; uses shared auth middleware and platform security repositories.,Revoke current session and write audit event.,Already implemented,Session ID lookup.,Mutation capability.,Protected route; authenticated-sensitive rate limiting applies.,Legacy raw SSH signature path remains supported while browser helper uses OpenSSH-native signature format.,Valid authenticated root-user session,Shared auth middleware plus feature transport/service rules,None directly for bearer path.,"Principal creation, login stages, password change, key changes, session revocation, logout, bootstrap, and abuse events must be audit logged.","Processes login email, root user identity, session metadata, IP address, and user agent.","Security-sensitive auth feature; must preserve generic login failures, audit visibility, session safety, and secure storage rules.",Yes,No additional ADR for feature-local behavior; browser architecture decisions live in ADRs 0013 and 0014.,Yes,Yes,For browser/helper path yes,Yes,Recommended,"PRD rootAuth + TC-ROOT-AUTH-UNIT-007, INT-003",v1 / active,Active current session revoked; deterministic missing/already-revoked behavior.,Logged-out session loses access across rootAuth and rootUsers.,Revoked session cannot authenticate afterwards.,Logout action audited.,Repeat logout behavior handled deterministically.,n/a,"Done when current session logout is durable, auditable, and enforced by middleware."
rootAdminShell,serveRootAdminShell,vertical slice,Build,Current repo-aligned,Provide a same-origin SPA shell for privileged browser auth flows.,Root user can open /root-admin and complete a browser-native auth flow without handling bearer tokens manually.,Phase one is intentionally narrow and does not expose full rootUsers CRUD UI.,Root user using same-origin browser shell,n/a public entrypoint,n/a public entrypoint,tenant admins; tenant users; unauthenticated callers for authenticated shell state,Public browser shell entrypoint; RootUserAdmin governs authenticated browser-session capabilities.,public root browser shell entrypoint,n/a,public unauthenticated caller,Yes,Yes,Shell is accessible at /root-admin; authenticated shell state appears only after valid browser login and bootstrap.,"Browser-oriented rootAuth routes enforce cookie/session validation, trusted origin checks where required, and the same privileged root boundary as rootAuth/rootUsers.",Yes; browser login/logout remain audit-visible through rootAuth events.,Yes,/root-admin,Same-origin SPA auth shell and minimal authenticated current-session view,"login, helper-required, loading, authenticated shell, expired return-to-login, error",,Unauthenticated/expired state returns user to login flow explicitly; no raw bearer token stored in browser-managed storage.,Yes,GET /root-admin and same-origin asset delivery,browser navigation to same-origin admin shell,HTML/assets for SPA shell,Unauthenticated bootstrap handled cleanly in-shell; helper-missing path shows guidance,src/frontend/rootAdminShell assets plus browser-oriented rootAuth routes,"Uses rootAuth login/browser routes, cookie sessions, current-session bootstrap, and rootUsers identity summary.",No new browser-owned persistence; depends on existing auth_sessions.,No new feature-owned persistence beyond existing auth/session model,n/a,n/a,"Cookie-backed browser session backed by auth_sessions; idle timeout 30 minutes, hard max 12 hours, sliding activity within max.",Browser shell consumes existing REST auth contracts and remains separate from backend feature internals.,Password stage + SSH proof via localhost helper before authenticated shell state,"Browser route handlers, cookie/session validation, and same-origin restrictions",CSP least privilege: default-src 'self'; script-src 'self'; connect-src 'self' plus fixed localhost helper origin.,Browser login and logout remain audit-visible through rootAuth events.,"Processes login email, display summary, root IDs, IP address, user agent, and session expiry metadata.","Touches CSP, cookie policy, trusted origin checks, privileged helper flow, and privacy/runbook artifacts.",Yes,Yes via 0013 and 0014,Yes,Yes,Yes,Yes,Recommended,"Root-admin-shell PRD + TC-ROOT-ADMIN-SHELL-INT-005, SEC-003, SEC-004",v1 / active,State logic for session expiry.,Shell assets served same-origin under /root-admin.,CSP allowlist direction and no-browser-storage handling.,n/a direct; browser login/logout audit through rootAuth.,Unauthenticated bootstrap handled cleanly.,Session-expiry return-to-login transitions and helper-client behavior.,"Done when same-origin shell loads securely, avoids browser token storage, and matches PRD UX."
rootAdminShell,completeRootUserBrowserSshChallenge,vertical slice,Build,Current repo-aligned,Complete browser root login and establish secure cookie-backed session.,Root user can finish SSH stage in the browser via localhost helper and receive authenticated shell state.,Helper uses workstation OpenSSH tooling; backend accepts OpenSSH-native helper signature format and sets HTTP-only cookie.,Root user using same-origin browser shell,n/a public entrypoint,n/a public entrypoint,tenant admins; tenant users; unauthenticated callers for authenticated shell state,Public browser login entrypoint; RootUserAdmin governs authenticated browser-session capabilities.,public root browser login entrypoint,n/a,public unauthenticated caller,Yes,Yes,Shell is accessible at /root-admin; authenticated shell state appears only after valid browser login and bootstrap.,"Browser-oriented rootAuth routes enforce cookie/session validation, trusted origin checks where required, and the same privileged root boundary as rootAuth/rootUsers.",Yes; browser login/logout remain audit-visible through rootAuth events.,Yes,/root-admin,Login shell -> SSH completion step using localhost helper,"challenge received, key selected, helper signing, success, helper error, auth error",,Show helper/install guidance when helper is missing or prerequisites fail.,Yes,POST /v1/root-auth/browser/login/ssh,"body { challengeId, signature, publicKeyFingerprint } from helper-assisted browser flow",200 browser session summary and secure session cookie,400 invalid request; challenge/signature failures; 429 auth abuse responses,src/frontend/rootAdminShell assets plus browser-oriented rootAuth routes,"Uses rootAuth login/browser routes, cookie sessions, current-session bootstrap, and rootUsers identity summary.",Uses rootAuth challenge verification and creates auth_session; sets browser cookie transport for same session records.,No new feature-owned persistence beyond existing auth/session model,Challenge/session/key lookups as in rootAuth.,Exact challengeId and fingerprint verification.,"Cookie-backed browser session backed by auth_sessions; idle timeout 30 minutes, hard max 12 hours, sliding activity within max.",Coexists with legacy raw signature API/manual path.,Password stage + SSH proof via localhost helper before authenticated shell state,"Browser route handlers, cookie/session validation, and same-origin restrictions",Browser may connect only to same-origin backend and fixed localhost helper origin.,Browser login and logout remain audit-visible through rootAuth events.,"Processes login email, display summary, root IDs, IP address, user agent, and session expiry metadata.","Touches CSP, cookie policy, trusted origin checks, privileged helper flow, and privacy/runbook artifacts.",Yes,Yes via 0013 and 0014,Yes,Yes,Yes,Yes,Recommended,"Root-admin-shell PRD + TC-ROOT-ADMIN-SHELL-INT-002, SEC-001, AUD-001",v1 / active,Helper response validation accepts OpenSSH-native payload and rejects malformed helper output.,Browser SSH completion sets cookie-backed session and returns minimal shell summary.,Cookie policy enforced; no browser token storage; helper-origin and signature validation covered.,Browser SSH-stage login remains audit-visible through rootAuth.,Helper unavailable or missing prerequisites show guidance instead of opaque crypto error.,Helper client request/response validation.,Done when browser SSH completion sets secure cookie-backed session via helper-assisted OpenSSH signing.
rootAdminShell,getRootAdminBrowserSession,vertical slice,Build,Current repo-aligned,Bootstrap authenticated shell state from server-backed browser session.,Authenticated browser can load minimal current-session info without exposing raw bearer token to frontend storage.,"Bootstrap returns only rootUserId, authPrincipalId, display/email summary, expiresAt.",Root user using same-origin browser shell,RootUserAdmin,RootUserAdmin,tenant admins; tenant users; unauthenticated callers for authenticated shell state,Current protected browser-shell boundary maps to RootUserAdmin.,root-admin-shell.session.read.own,can(...),RootUserAdmin,Yes,Yes,Shell is accessible at /root-admin; authenticated shell state appears only after valid browser login and bootstrap.,"Browser-oriented rootAuth routes enforce cookie/session validation, trusted origin checks where required, and the same privileged root boundary as rootAuth/rootUsers.",Yes; browser login/logout remain audit-visible through rootAuth events.,Yes,/root-admin,Shell bootstrap on initial load and refresh,"loading, authenticated summary, unauthenticated, expired",,No cookie means clean unauthenticated state; expired session clears shell state and returns to login.,Yes,GET /v1/root-auth/browser/session,browser cookie-backed session context,200 minimal browser session summary,401 unauthenticated cleanly when no valid cookie session exists,src/frontend/rootAdminShell assets plus browser-oriented rootAuth routes,"Uses rootAuth login/browser routes, cookie sessions, current-session bootstrap, and rootUsers identity summary.",Read existing auth_session and root-user summary.,No new feature-owned persistence beyond existing auth/session model,Session lookup by cookie-backed session ID.,Current-session bootstrap only.,"Cookie-backed browser session backed by auth_sessions; idle timeout 30 minutes, hard max 12 hours, sliding activity within max.",Shares same auth_sessions records as bearer flows.,Password stage + SSH proof via localhost helper before authenticated shell state,"Browser route handlers, cookie/session validation, and same-origin restrictions",Same-origin cookie-backed bootstrap only.,Browser login and logout remain audit-visible through rootAuth events.,"Processes login email, display summary, root IDs, IP address, user agent, and session expiry metadata.","Touches CSP, cookie policy, trusted origin checks, privileged helper flow, and privacy/runbook artifacts.",Yes,Yes via 0013 and 0014,Yes,Yes,Yes,Yes,Recommended,"Root-admin-shell PRD + TC-ROOT-ADMIN-SHELL-INT-003, EDGE-002, EDGE-003",v1 / active,Session-expiry UI state transitions.,Bootstrap endpoint returns minimal current-session info or clean unauthenticated response.,No raw bearer session in browser-managed storage.,n/a for read-only bootstrap.,No cookie unauthenticated path; expired session auto-return-to-login behavior.,State logic and browser scenario for expired session return-to-login.,Done when shell bootstraps safely from cookie-backed session and expiry UX matches PRD.
rootAdminShell,logoutRootAdminBrowserSession,vertical slice,Build,Current repo-aligned,End browser root-admin session and clear cookie-backed shell state.,Root user can log out from the browser and immediately lose authenticated shell access.,Trusted same-origin browser origin required on logout route.,Root user using same-origin browser shell,RootUserAdmin,RootUserAdmin,tenant admins; tenant users; unauthenticated callers for authenticated shell state,Current protected browser-shell boundary maps to RootUserAdmin.,root-admin-shell.session.logout.own,can(...),RootUserAdmin,Yes,Yes,Shell is accessible at /root-admin; authenticated shell state appears only after valid browser login and bootstrap.,"Browser-oriented rootAuth routes enforce cookie/session validation, trusted origin checks where required, and the same privileged root boundary as rootAuth/rootUsers.",Yes; browser login/logout remain audit-visible through rootAuth events.,Yes,/root-admin,Authenticated shell logout action,"authenticated, logging out, logged out, origin-error",,On success clear shell state and return to login flow.,Yes,POST /v1/root-auth/browser/logout,trusted browser origin plus cookie-backed session context,200 status response and cleared cookie,401 unauthorized; 403 untrusted or missing browser origin; 429 throttling if applicable,src/frontend/rootAdminShell assets plus browser-oriented rootAuth routes,"Uses rootAuth login/browser routes, cookie sessions, current-session bootstrap, and rootUsers identity summary.",Revoke server-side session and clear browser cookie.,No new feature-owned persistence beyond existing auth/session model,Session lookup by cookie-backed session ID.,Mutation capability.,"Cookie-backed browser session backed by auth_sessions; idle timeout 30 minutes, hard max 12 hours, sliding activity within max.",Browser logout is distinct from bearer logout but revokes same server-backed session model.,Password stage + SSH proof via localhost helper before authenticated shell state,"Browser route handlers, cookie/session validation, and same-origin restrictions",Trusted origin check required; cookie transport same-site strict and http-only.,Browser login and logout remain audit-visible through rootAuth events.,"Processes login email, display summary, root IDs, IP address, user agent, and session expiry metadata.","Touches CSP, cookie policy, trusted origin checks, privileged helper flow, and privacy/runbook artifacts.",Yes,Yes via 0013 and 0014,Yes,Yes,Yes,Yes,Recommended,"Root-admin-shell PRD + TC-ROOT-ADMIN-SHELL-INT-004, SEC-002, AUD-002",v1 / active,n/a,Logout revokes session and clears cookie.,Reject untrusted or missing origin; cookie policy enforced.,Browser logout remains audit-visible through rootAuth session revocation.,Already-expired or missing cookie handled cleanly.,Logout state clears shell and returns to login UI.,"Done when browser logout revokes session, clears cookie, enforces trusted origin, and is audited."
